first_name,last_name,npi,street,street_2,city,state,zip
Ruthe,Laverne,44843147983186317848,569 glenda islands,suite 163,willport,nj,23453
Marshall,Cole,18233577393219566041,59944 adaline harbor,apt. 862,keelingstad,al,94189-5965
Lawson,Lilliana,78792788275411915642,36175 amina mount,apt. 256,north daija,de,30997-4476
Martine,Kiana,23583155472740817761,188 walsh flat,apt. 891,yasmeenstad,nv,83568
Leatha,Freida,"",43796 gutmann plains,suite 341,vonmouth,fl,10500
Justyn,Abbie,78362387662864903554
Granville,Benton,17871640342222098849,95496 dare rue,suite 203,octaviastad,il,45294-0751
Brenda,Lenna,88137148807320232511,361 justyn meadow,suite 635,steuberhaven,la,71148-1931
Juliana,Benedict,"",798 katarina street,apt. 817,north florida,ri,10547-0556
Marjory,Ulices,13251241236387155567,5356 hane mountains,suite 254,elmiraborough,ny,80179-1235
Celia,Joany,53517451823105334497
Kathryn,Shany,18615056044429228990,817 hammes harbor,apt. 701,dickinsonview,ca,97730
Isabelle,Nils,41196810585374325420,590 cummings union,apt. 390,daphneeburgh,in,56970
Johnnie,Johnathon,"",541 nora hill,apt. 833,south erwinborough,ut,24212
Madaline,Shirley,34629375530320352466,62088 krajcik summit,apt. 534,kundechester,wa,30826-4983
Khalid,Crystel,82216555626836774716,89133 schoen ferry,apt. 830,richieland,sc,73060-3948
Heather,Tracy,75216887016624818206
Audra,Imogene,"",9228 rodriguez knolls,apt. 544,jonesside,in,20864
Montana,Dominic,48581605458856137841,622 reggie inlet,apt. 456,wunschhaven,co,73178
Justice,Jessy,55734468672668247847,75693 eliseo burgs,suite 102,wittingstad,hi,77848-1360
Maryjane,Sasha,53273831484766113262,8210 romaguera ridges,apt. 807,asiastad,id,41761-2593
Brice,Maximillian,58552116202772184856,779 macejkovic avenue,suite 917,dannychester,vt,43697
Sylvia,Obie,""
Deborah,Jolie,72248738248131276601,2744 kirsten plaza,suite 148,zionburgh,tx,80760
Marjory,Harley,85666817362462284195,3238 freeman trail,suite 472,schustermouth,hi,66696-8707
Zita,Yasmin,57219924682871422273,2521 runolfsdottir station,apt. 283,east annetteville,md,62342-2411
Victoria,Kaleb,"",79341 destin springs,apt. 561,port norbertohaven,la,74019
Pascale,Ryder,75137145868784228122
Nella,Sheridan,63158792827720528132,4326 nitzsche plaza,apt. 445,west luther,nh,31477-1608
Albin,Yvette,60813239314886505555,81997 doug greens,apt. 932,north jayneland,co,41247-4100
Eden,Maximillian,66677748434428271659,5148 deshaun meadow,suite 674,aylatown,vt,27166
Erling,Ellsworth,"",72949 wyman valley,suite 721,shanahanton,mn,41462-4632
Marguerite,Johnathan,72647478424316582314,40437 elissa walks,suite 289,south mylenebury,mn,18861
Millie,Amani,53407188811357432743
Cordell,Delilah,63341530432779774187,877 joel landing,apt. 119,leannonton,tx,80531-0688
Floyd,Toney,"",133 kris corners,apt. 662,lake deon,ut,53630
Julio,Ervin,37617227435263241609,850 gilberto ranch,apt. 720,hauckhaven,ut,16619-3264
Bonnie,Jocelyn,14388543317747444652,79667 ceasar garden,apt. 622,carmelfurt,wy,12154-5219
Elvis,Lenna,14455777372842761255
Sunny,Cletus,10145521552746230765,46220 aniyah road,suite 610,justonview,de,34813-0146
Destiney,Wilson,"",191 jacobs mill,apt. 525,port sallie,oh,23631
Freddy,Sally,38054671934598967067,649 arvid spring,apt. 556,annabellbury,oh,14846-1237
Sincere,Tyree,25045835161649311226,77158 pietro knoll,suite 859,pacochaville,ut,21029-0477
Dylan,Shanna,11536413225685215221,976 steuber river,apt. 277,south alexandrineborough,oh,23124-3498
Mario,Richard,""
Camylle,Haven,86449066566138275081,86962 alicia vista,apt. 940,east alexa,ne,50237
Aniya,Winona,22458821718494920822,380 koch plain,apt. 566,lake reaganland,ar,26415
Sallie,Laury,42861514701526485171,72266 stehr extensions,apt. 838,south johnathanborough,tn,85550-3668
Edgar,Deven,"",5645 earlene coves,apt. 744,muhammadberg,wi,50548
Estell,Harvey,34268632282866767982
Marguerite,Micheal,31831710611036713100,4166 witting walk,suite 191,bechtelarshire,wa,34177-8715
Celestine,Gino,89301843886312857436,7051 kenyon harbor,apt. 220,cummeratabury,hi,92822-1953
Arjun,Toy,28461179283256435803,814 mable oval,suite 993,efrainchester,tx,44083-4763
Dewitt,Madisen,"",7453 kuhn flat,apt. 932,klingville,nh,35939-7605
Elian,Carson,93874937325431230774,834 mayert radial,suite 298,lake jasperfort,ar,23508-0036
Colin,Tyson,85641555627354036243
Pearl,Bette,46052455054442131062,7505 gillian creek,apt. 677,lincolnville,mt,83977-1178
Kenneth,Tracy,"",323 boyle roads,suite 504,lake zechariahburgh,or,73432-0428
Maximillia,Trystan,81617766618858772353,17672 reilly lakes,suite 282,west gunnermouth,nv,51473-0418
Ressie,Rodolfo,57433838586295207769,5952 hammes mission,apt. 789,blanchetown,ne,26332-1557
Emiliano,Noemy,42810376138145286113,8122 jaycee meadow,suite 311,new orpha,hi,14266-3255
Janelle,Alda,70751252862153222461
Koby,Kaley,"",188 wilfredo lights,apt. 776,runolfsdottirton,sc,76728
Camilla,Maximilian,93946868026743742177,1485 hyatt lake,suite 588,evangelinemouth,nc,90536-0179
Helga,Sid,59008745426727683945,1768 quitzon track,apt. 545,aleenmouth,oh,77448-4346
Rosalyn,Noe,73968382725135135079,321 will road,apt. 506,new korey,fl,32037
Arielle,Sophie,13138874118233603261,229 freddy ports,apt. 468,erdmanborough,ne,99314-6186
Nichole,Veda,""
Tyra,Porter,34881481881152277357,1934 rigoberto green,suite 904,lake emeryshire,nc,75060-6032
Melany,Rossie,11543825562949985151,536 haag walks,suite 669,winfieldshire,wi,74535
Brendon,Forest,10887511755878658131,7669 funk point,apt. 650,gislasonburgh,ks,83773
Lily,Wilburn,"",43274 scottie bypass,apt. 532,prosaccoville,nm,95544
Selmer,Tatyana,62166944226746504643
Jerrod,Lacey,44964322367575746602,86323 helmer radial,apt. 246,vandervorthaven,nc,75039-1614
Hulda,Lawson,38449154176132993703,271 thad lakes,apt. 643,harveyburgh,nm,37786
Bonnie,Joelle,36237478334796567217,66324 trantow crest,apt. 122,adalinetown,az,38417
Mario,Amya,"",1733 jacobs mountain,suite 326,antoneview,nc,44829
Mathew,Roel,23489991212293338257,55779 mckenzie centers,suite 303,south orin,id,39255-5358
Percival,Kennith,96816844467518308169
Marcelino,German,44986213838576968762,408 naomi parks,apt. 405,port gardner,ne,23069
Louvenia,Twila,"",5495 jakubowski fort,apt. 184,port norafort,tx,73987
Wellington,Tania,13718845714212245177,6535 rossie cape,apt. 406,north hazle,il,71955-4474
Kamren,Rhea,25376115638677565385,379 hickle camp,suite 245,port jeromy,hi,86979-7034
Lavada,Lupe,14855436163755273300
Monserrat,Ryder,"",573 earnest prairie,apt. 468,katelynhaven,sd,15929
Prudence,Hermina,17226075716816197479,39023 mayer course,apt. 749,donnellyhaven,id,29282
Violet,Camren,44784941826932498825,941 lera hill,apt. 319,south jaycee,ks,33460
Arnaldo,Marco,17549730591858394133,4949 rath key,apt. 556,leslieberg,vt,72756-2442
Jamison,Cruz,66755253235130113553,4190 brionna fields,suite 697,dooleyside,il,58856-5253
Steve,Fausto,""
Fatima,Floyd,14767685304580710483,193 koch street,apt. 230,north jeffryshire,va,49137-1598
Raegan,Marjorie,16242123284418218851,81426 hartmann ramp,apt. 112,south marley,vt,20424-9024
Florine,Sheila,43841682163818475474,95022 hartmann coves,suite 427,leschstad,ak,29563
Christopher,Rusty,"",9241 katelyn walks,suite 470,port betty,nj,30608-7467
Sabryna,George,15412750423358644086
Kirsten,Elenor,39826184572894222151,38273 stark manor,suite 857,abbiehaven,vt,20570
Chauncey,Adrien,14328354256284894114,85035 heaney glen,apt. 435,north chesley,me,39309-3465
Freddy,Heloise,53887793191788485453,143 tracey lodge,suite 582,rolfsontown,nh,26684-3289
Logan,Brionna,"",4987 della throughway,suite 343,averyton,tn,93281
Dereck,Cindy,89421504148711475802,55080 beier plain,suite 114,erinstad,ks,74946
Lulu,Glen,58903280102772465415
Holden,Cindy,87228251554751390211,286 dell locks,apt. 481,cassieton,ky,25938-3863
Damian,Jaquan,"",206 abshire points,suite 750,new deron,ct,21082-5969
Jarret,Lolita,80947924853802773337,8800 sawayn port,apt. 209,lake daren,ga,38376
Donny,Ophelia,89516947186678021342,280 grimes islands,suite 818,brenttown,me,96699
Maye,Edwin,22287588043488697879
Filomena,Willard,36785387226974076477,434 efrain shoals,suite 288,south sabryna,ny,45930
Lauretta,Zechariah,"",4696 dakota crossing,apt. 978,south alfonzo,ne,23804
Edmund,Hester,86597381767523860178,51224 rempel trace,apt. 538,elnoraview,md,64508-9344
Wilma,Lamont,51329872375832417541,77157 ewald stravenue,suite 323,mathiasfurt,ne,93781
Johnnie,Alicia,68255722874426448602,739 orion crossing,suite 775,jaclynview,ky,29033
Xander,Neoma,""
Ardella,Jimmy,78222140423094951110,499 sabrina ridges,apt. 320,leonorashire,nd,56724-4605
Alberta,Darion,17727752662912737388,28155 ole underpass,apt. 373,krishaven,tn,33167-1182
Jane,Sterling,65287586474857514138,44078 abdul mount,apt. 996,strosinside,ne,63063-8735
Dasia,Else,"",59466 mohr light,apt. 723,emanuelview,ks,32373
Carson,Brendon,23514243888462465752,810 gutmann park,suite 687,murphytown,md,97356
Marshall,Shawna,88913181517750245534
Keven,Oceane,75742325114342638167,94235 zemlak lane,apt. 821,katelynfurt,va,52302
Bryon,Helene,28554445887698548107,35952 elmo mall,suite 164,caesarport,tn,71448
Chyna,Michaela,"",214 keebler inlet,suite 367,arjunberg,wi,64755-8031
Adrian,Dovie,37570448211317883435,543 wyman hill,suite 600,lake joshuahbury,ne,30700
Lester,Seth,22572344054705233851
Peyton,Muriel,55165276246857011717,40930 jocelyn drives,apt. 134,lake elisefurt,vt,12356
Mckenzie,Jayne,"",37481 rodrick isle,apt. 827,port sydneychester,ok,14973
Lance,Braulio,00976104972547789125,55912 alfonzo station,suite 190,meredithville,mn,93441-7273
Lafayette,Pedro,91684695181611532417,29821 stracke trail,suite 672,north tyrese,or,96358
Bernardo,Penelope,68284945001639086634
Lauren,Judd,36488391159216405834,6902 miller lake,apt. 108,dibbertport,oh,74290
Kale,Taurean,"",926 towne brook,suite 387,binsstad,nv,26093
Rigoberto,Ward,10262526306624659543,28138 camren islands,apt. 536,roelhaven,nj,48181-6845
Stephen,Jan,69038914751140126734,6159 sydni flat,suite 566,blockhaven,ga,41275-8429
Lilla,Lavern,38856172396858302819,383 moses springs,suite 887,east roxanneview,mo,81131-4771
Marisa,Gertrude,""
Jaquan,Rupert,24622234176846437916,91085 kris plains,suite 930,west kaleighmouth,ky,13933
Gino,Jessie,71183556865077263047,9877 maxime summit,apt. 357,misaelchester,ky,20712-8935
Tessie,Eleonore,62861414471271451338,4958 carroll forge,apt. 674,new darioville,la,24038-1072
Izaiah,Maya,"",79615 romaguera ports,apt. 499,south jo,ms,22454-0495
Myrtie,Vidal,78252385511824852862
Juwan,Johnson,56286625527257298168,29286 wunsch square,suite 295,port dorthy,in,33715
Bridgette,Edmund,85522584887482648445,6860 tillman avenue,suite 597,east jany,de,64858
Beaulah,Janae,"",60112 price unions,suite 907,lake rashawnbury,ks,62411-5595
Paxton,Zaria,05916496241535750454,18323 telly green,suite 278,south evertchester,ky,81734
Tatyana,Anika,75733238523764971362,27697 rohan coves,suite 868,adeliafurt,in,40990
Amelia,Jeramy,09713575331677150777
Armand,Maverick,71615952421786301355,22916 jacobs forks,suite 242,gwendolynview,va,14765
Keven,Pasquale,"",99790 roxanne shore,apt. 263,lake cordiaton,mi,75459-9731
Mandy,Cali,15812684239586856232,1196 boyer road,suite 422,east citlalli,ma,47376
Syble,Joanny,72346555113196310747,60005 boyd spring,suite 204,handburgh,mt,68229-8019
Candice,Macie,98667557275836748133
Rebeka,Adam,"",610 stiedemann harbors,suite 121,port geoffrey,mo,53580-5490
Lonie,Oceane,82980524448512287047,521 marina stream,suite 839,conntown,tx,31258-8649
Myah,Gideon,19343762253975607406,307 kshlerin curve,apt. 941,west bert,ok,11512
Brionna,Marcelle,44774497488614442132,898 jacobs cove,suite 814,twilamouth,ut,62124-6870
Judah,Cheyanne,41255716117846597921,39065 dickinson forge,suite 227,east belle,wy,91731
Madelynn,Celia,""
Gerda,Gwendolyn,24773416632313648323,5881 dock haven,suite 145,port laceyville,ne,33962
Jonas,Clare,06882481303582451571,8088 percival turnpike,apt. 171,rahsaanburgh,wv,33291-9122
Nia,Kailyn,68458978477872565154,2470 kuvalis heights,suite 249,west leonie,ar,15726
Stella,Liliana,"",8234 glover greens,apt. 514,port filibertotown,al,80955
Cydney,Garfield,76762187451983822785
Eugenia,Michele,29691141269377238396,5860 jaiden valleys,apt. 533,garthshire,ok,62328-8004
Quinten,Naomi,47812333222148599228,4261 sean unions,suite 675,josephineborough,ks,69469-9620
Arely,Anabel,53181983014565772502,378 winnifred plaza,suite 537,east savanah,id,33387-8998
Shanelle,Cecil,"",57273 lehner junctions,suite 505,east hertaburgh,ne,30540-2261
Maryam,Gina,30565983628895748561,67790 fritsch lake,apt. 616,rhiannaview,ca,12069-4169
Israel,Wilmer,96225968121270278210
Jasper,Hudson,58683363236768262275,3183 prosacco mission,suite 415,winonamouth,wy,43356-3142
Omer,Brendon,"",96296 zander springs,apt. 837,marilynehaven,sc,93102
Giovanny,Randal,57011511812743293612,15149 gardner glen,suite 547,west belle,ut,71902-2076
Danika,Ursula,92442103162360573596,6463 carleton street,suite 504,darienburgh,ca,87272-4485
Furman,Marcella,32549857037031498678
Keegan,Alan,60445818740480267711,616 weber freeway,suite 375,south walter,fl,56733
Jewel,Neoma,"",37962 abbott knolls,apt. 647,austenton,wa,43764
Arjun,Ricardo,24694082858477652951,4641 andre loop,apt. 155,south kayla,id,34962-2590
Fay,Conrad,66469272562746465383,19093 ruecker garden,apt. 907,guyville,ok,52312
Adolphus,Jordan,15364728335763484793,697 ruecker place,suite 523,robertton,sd,96485
Tyra,Korey,""
Bret,Jacky,89449758792467547397,67637 carol forges,suite 354,south coopermouth,me,88766
Frederick,Tiffany,14598612297352635745,2035 napoleon manors,suite 235,jakubowskistad,ct,80635
Adaline,Joel,30215821117363741229,741 pascale corner,suite 811,west mandy,nd,29867-3142
Orland,Emmanuel,"",8597 dane camp,suite 741,lake alvera,ma,67784-2374
Kieran,Donna,76829885348086153078
Lukas,Cheyanne,55521422286412011356,6716 tromp unions,suite 120,lake rebecca,mt,72472-7765
Roslyn,Agnes,33087689874474058383,8182 henry vista,apt. 400,botsfordland,nh,50642-6246
Giles,Lavina,78297412256063593812,1000 harvey knoll,suite 534,lake darien,wa,71543
Madyson,Domenica,"",36827 mack forge,apt. 584,skylaport,nh,75375
Randal,Alda,54448532605357223255,36836 major hills,suite 532,mcclurefort,ms,59807-9215
Americo,Rolando,11137109887191819573
Ava,Enos,54523394724761763144,6559 hickle ramp,suite 604,zoiemouth,sc,91854
Kattie,Humberto,"",301 oleta tunnel,suite 989,eltastad,nv,11484-2407
Fernando,Marcelino,11162466364663543237,80147 yundt ports,suite 638,walterland,wv,29176
Sigmund,Virginia,57566373176322807201,9159 satterfield summit,suite 895,north raquelshire,la,11262
Caden,Jaeden,23452136544681454561,4277 katrine loaf,suite 483,west nya,nh,17788
Stone,Chyna,34229947583859742056
Sibyl,Paula,"",626 kathryne key,apt. 652,new myrnafurt,ny,42956-6517
Henry,Gerhard,14438772070217356464,888 hahn centers,suite 761,lake luther,wv,18717-7530
Kari,Reyes,13475876189368411372,7053 howell prairie,apt. 111,new jessicaport,oh,57484
Genevieve,Lou,37566766337579682846,496 carter point,suite 506,arielleville,ne,92306
Tiffany,Abelardo,69630261162253156323,95925 cathrine knoll,suite 404,blairhaven,or,75430
Cielo,Dolly,""
Linnea,Isabella,41810574203461153618,4429 rhoda club,suite 259,jailynchester,mi,47654-3151
Franco,Cletus,41289819801594392292,296 vandervort hill,apt. 698,east elmo,mo,41162
Destini,Ardith,33243840121372744134,80225 kyla way,apt. 553,aftonberg,md,28109-0847
Emanuel,Julia,"",452 ebert streets,apt. 421,gabriellabury,mo,69385
Cyrus,Jarrett,11117777342316128161
Rebecca,Immanuel,16611994137259861532,21500 rolfson roads,apt. 986,south arjunside,il,13232
Kyler,Kristin,12073627794663070726,539 cloyd forges,suite 275,new litzy,sc,79084
Kaci,Irving,"",1396 ladarius ridge,apt. 987,parisianview,ga,49683-0058
Devan,Savanah,19456884673145123093,41818 terry ridges,apt. 886,north coleman,al,72827-6103
Eulah,Priscilla,16390988139896791186
Henry,Jeanne,27396908347847542371,938 moen mountains,suite 822,port cleora,ms,41900-0638
Mona,Curt,84688995226804648653,51562 purdy groves,suite 809,chaimville,wv,93573
Lyda,Elias,"",2550 hadley manors,apt. 601,east madysonmouth,sd,60708-7677
Heaven,Giles,63732956516754750453,165 koch groves,suite 194,adamston,mi,77252
Kitty,Marcellus,68123129258576653102,3219 rachelle forest,suite 574,trudiestad,ms,78627-4542
Charlene,Yadira,23722289110381789506
Nelson,Franco,"",77555 reichel walk,apt. 196,beahanmouth,ok,39968-2399
Kristian,Ibrahim,46288771438627863669,847 bailey vista,apt. 877,west jermain,ak,18645-0785
Monte,Jan,07723870372768843136,540 kaycee run,suite 735,new stephaniemouth,va,98377-5521
Cody,Lance,39184645833785685764,993 brekke stravenue,suite 238,east myriam,wy,74406
German,Bessie,""
Billie,Mariela,82484955140174625243,35999 barton brooks,suite 115,west boris,hi,84922
Kyla,Marie,17771733554228413728,1851 brenda estates,apt. 171,north olafmouth,nd,53049-7426
Beth,Natalie,75054330662608912277,90304 keegan plain,apt. 194,nienowland,il,89427
Vanessa,Ben,16358940710177386880,982 peter dale,suite 835,port consuelo,or,94716
Janiya,Elissa,"",598 sporer roads,apt. 152,rheaport,ia,83892
Kenya,Meggie,67532632403840330165
Maxie,Tracey,81187135110952662779,19496 rohan route,suite 482,neilburgh,ca,75127
Martina,Francisca,19615440610513724153,71143 feil extension,apt. 839,west karen,ia,44689
Nadia,Roger,"",553 von pass,apt. 190,lake sandra,wv,78509-8811
Grayce,Elinor,76223033741943453761,2492 henriette harbors,suite 952,lake rashadview,co,72810
Axel,Gerhard,55417858543361554823
Magnus,Kristy,61122174869537565723,645 heaney mission,suite 480,south austyn,vt,63265-5485
Dean,Allen,"",9935 eichmann run,suite 285,south lauraview,ia,83345-8463
Shannon,Edd,21462838221453246838,53299 reymundo ramp,apt. 358,ikebury,mt,14970
Annamae,Nikki,57473829835416414847,9072 moises overpass,suite 541,ratkeborough,sd,18825
Hettie,Corine,31102615174597181829,1675 rocio mission,apt. 388,jacobstown,wy,58428
Karlee,Delilah,85411048537884147033
Geoffrey,Vaughn,"",5090 west walks,suite 824,claudineburgh,or,98765-9371
Justice,Hortense,82467219849536256551,927 barton shoal,suite 826,west leonelmouth,va,54086
Kailey,Maggie,22404217942064271232,27814 justus corner,apt. 986,rosinafort,de,24870-6100
Danial,Mariana,65279491468411827651,42160 brekke mall,suite 315,lake dinastad,ak,54510-6728
Alivia,Cecilia,""
Savannah,Amina,86736163085190753282,53173 gutmann cape,suite 464,west earnestine,va,96972
Flossie,Bernhard,05665424823387619181,48308 effertz falls,suite 258,ashlynnshire,mt,80593
Raheem,Amelie,96416694359043470685,9054 carroll divide,suite 567,west darian,ok,63786
Vivien,Jana,"",7243 brian court,apt. 146,east carmella,ak,12909
Leonard,Pat,86557775617267258088
Baby,Colby,31112334128381393364,3571 angelita points,apt. 407,timmothychester,wa,45544
Madonna,Elisa,83964081364168338568,675 sabina loop,apt. 760,pfeffershire,co,39884-7098
Camylle,Samara,82644161323874695873,3788 hane ways,apt. 972,beierborough,ky,62734
Guiseppe,Earlene,"",806 shields terrace,apt. 850,arimouth,mo,50593
Ashleigh,Garrison,43795516482407437222,69819 durgan ridge,apt. 873,east davidmouth,wi,87747
Dedrick,Theodore,40838963914413687228
Rubye,Rodrick,88609637346570249408,2449 king circle,apt. 197,justonmouth,ak,94663
Lavina,Elza,"",2415 carli well,suite 961,lake dixie,wv,48063-6133
Shyanne,Kirsten,31553253450001586476,47838 johnston courts,apt. 390,south rahul,la,18615
Aurelie,Lacy,37615850855160964462,5544 konopelski divide,apt. 616,blairborough,ak,86732
Ryley,Kianna,55329328503915663301,59068 veum stravenue,suite 793,maevefurt,az,11353-4597
Erica,Aliya,95171747743374927651
Nash,Odie,"",58282 lebsack rest,apt. 772,south mike,me,84713-1381
Rosalinda,Cali,89627781673836249575,1125 hessel course,suite 313,jeraldfort,wy,48029-6873
Marianna,Mauricio,50130279684401480314,633 gunner skyway,apt. 499,north richmondmouth,ny,99846
Adrain,Heber,22889098768561656802,7874 lehner wall,suite 748,lamontton,sd,61666
Emil,Ephraim,""
Alaina,Edwin,57844514680982122574,796 huels stravenue,suite 292,dustinton,va,13805-8281
Eldridge,Kaylin,33865461854536587371,74464 prohaska mountains,suite 315,south lolitaside,ar,63619-7241
Clint,Melisa,41741410031143382174,96610 olson mission,suite 999,port evieland,md,20285-4466
Earl,Esperanza,"",35694 dawson court,apt. 894,lucindafort,tx,99983
Hildegard,Nakia,21548251227327412323
Carmine,Marvin,22375757438065821345,151 barton highway,suite 700,port braeden,ny,87470
Rubye,Kelli,24975279360702523043,7071 sadye dam,suite 372,susanstad,pa,10021-1478
Tatum,Clinton,82755552825290168630,364 alyson gateway,apt. 983,north samson,wa,71782
Orpha,Clark,"",17859 murazik alley,suite 111,west hayden,or,28303
Aurelie,Alvah,90801736726413491609,83035 hyman unions,apt. 701,lake briceton,ok,68850-7590
Maryse,Charles,11268075282550108475
Kelvin,Grayce,68277520641623112131,89179 rebeca plaza,apt. 902,bentown,az,62202
Oswaldo,Leonora,"",6019 tatyana shoals,apt. 812,south carrollmouth,mi,34031-3834
Keven,Toni,69893576661583415436,200 green freeway,apt. 293,south roymouth,tx,90019
Mya,Demarcus,93888462648940151424,290 quigley mountain,apt. 382,kozeychester,ky,26637-5999
Marjorie,Carson,67724555279956464383,8624 walter vista,suite 647,lindafort,hi,33327-3578
Godfrey,Felipa,64488088883137337535
Lamar,Lonnie,"",1753 dare drive,suite 235,abeshire,tn,30343-2316
Ayla,Greg,09581937944995026342,178 schiller plaza,apt. 140,south ewell,wv,32912-1053
Gilbert,Jamie,86715377394497636782,464 muller springs,suite 657,danikaland,ma,36818-1685
Rickey,Jerry,48334792415763632889,866 hintz loaf,apt. 159,hahnmouth,hi,35971-4712
Taryn,Bridgette,""
Else,Wyman,17754842545878581815,44435 kunze ports,suite 141,mabelton,ky,35929-6362
Kiara,Dedrick,93287870133913525000,16290 muller crossroad,suite 734,queeniestad,il,34533-3522
Kacey,Roxanne,82673321423588535248,150 charlie fields,suite 644,lake reynold,tn,73692
Joesph,Berry,"",2534 daron overpass,apt. 780,west shanachester,ca,51948
Durward,Liana,84280834324474683266
Lew,Delfina,11517047616339368385,445 lexus via,suite 549,lake abbey,ny,53695-8151
Shanna,Cletus,64780028986745685332,4456 fisher stream,apt. 305,bauchport,sd,86933-0711
Aiden,Tiffany,"",8832 dietrich haven,suite 587,port zackary,ri,12595-5460
Magnus,Alexanne,73207130399288333597,932 swaniawski prairie,suite 866,agustinashire,wi,11205-5236
Olen,June,81886711906989366523,67102 runolfsson heights,suite 803,thielshire,ca,71544
Jordyn,Orie,32515670822884752932
Cassie,Davion,18327685888454887552,867 o'reilly parkways,apt. 897,judahmouth,or,87524-4518
Jadyn,Muhammad,"",8612 marjorie brook,apt. 967,delphinehaven,ia,90416
Constance,Darian,75522776048453248423,94749 elmer harbors,suite 834,bauchborough,in,83868-0976
Melissa,Anastasia,78415525550174464978,394 celine inlet,apt. 988,allisonberg,mi,66563
Austen,Lesly,43665921414427637166
Maxime,Sharon,"",7293 schmeler gateway,suite 871,tremblayport,tn,11527-2401
Travon,Raquel,29106642833762603399,143 oberbrunner loaf,suite 687,new jaylin,md,14050
Jakob,Elva,35449898844254833678,637 larson dam,suite 793,port avatown,mi,87204-3325
Willie,Kristopher,49489290886975120877,519 carter ville,apt. 797,brigittestad,sc,32581
Hollis,Aubrey,88246739684070545813,596 arch estates,suite 107,new jermainetown,wi,39360-1319
Darrel,Junior,""
Rosanna,Efrain,28857392326242918347,35818 brekke ports,apt. 998,port leslyview,in,15713-1486
Esmeralda,Cleta,68382124895315550659,416 mckenzie prairie,apt. 505,port biankamouth,oh,39506-5908
Tressa,Angelita,28055816432819776739,14302 lowell square,suite 732,east brodyborough,ca,36322-2168
Amelie,Jazlyn,"",38402 jaskolski corners,apt. 323,new thaliafurt,wa,29921-5939
Tremaine,Reba,58992751508041508324
Dana,Moriah,97121571242141234619,49748 diamond track,apt. 981,new emmiechester,hi,14299-9285
Rebeca,Angie,42541035165704277162,5330 brekke cove,suite 608,north kiarraberg,ne,33728-1134
Allene,Reina,"",231 kiehn courts,suite 712,mcglynnton,nc,16507
Cade,Dannie,84426486811433572607,229 tamia harbors,apt. 144,lake stefanieland,sc,49863-6282
Dashawn,Damien,08401580807552835758
Marlin,Gabe,06660851507128233716,905 dagmar well,apt. 615,reggieshire,ia,86523-5503
Brenna,Cierra,36624331695130060474,292 trey ridge,apt. 653,o'keefeborough,sc,96499-8657
Sallie,Jeff,"",52102 gutkowski harbors,suite 970,port gia,nv,87267-7324
Stefanie,Freddy,58784765137322846228,4315 vada throughway,suite 988,port stevie,nm,55064-1021
Tatum,Jordon,30788734352161749905,273 destin ports,suite 184,new julianaton,nc,17400-6284
Elody,Ryder,79789664375750283308
Dock,Sister,"",344 malvina hills,suite 449,feeneyberg,sd,38877-9000
Esperanza,Alexis,85386314053339317041,113 mcglynn gateway,apt. 383,meaghanshire,in,13684-1419
Peggie,Amos,76061438183841842204,731 myrtle field,apt. 643,hoegerfort,nj,51294-2780
Bulah,June,24832379298551734152,541 floy greens,apt. 144,east malachi,ky,68404
Graciela,Annette,06878181825464513257,633 kovacek cliffs,apt. 840,east cameron,in,87452-0891
Peyton,Rachael,""
Greg,Cielo,94153482748034133588,9117 hartmann harbor,apt. 472,romainefurt,la,15259
Sofia,Lonnie,82266516225097664784,683 thalia trail,apt. 690,port clarissa,id,13595
Laurianne,Zola,68534364916756242312,329 smith street,suite 737,east audiechester,wv,11677-4809
Domenick,Mabel,55755318498440328151,48382 hodkiewicz knoll,apt. 810,north hilbert,mn,92213
Leatha,Seth,"",395 zboncak point,suite 388,metamouth,ak,36516-1781
Paris,Beverly,34693622376184559552
Clare,Filomena,63086185681486916065,6529 alvera ramp,apt. 897,south orion,ri,75194-0890
Danielle,Linnea,94516612104257625985,527 lia pines,apt. 753,east opalburgh,ut,81932
Holly,Alexys,"",128 bogisich roads,suite 749,elishahaven,me,64715
Maia,Nick,86245483664392773363,2025 kim locks,suite 307,horacemouth,md,98267
Sabina,Aiyana,84887163951418371978
Jaclyn,Evans,67606218782170123765,8173 jacky shoal,suite 817,cummeratatown,wa,54210
Lee,Triston,"",915 charlotte landing,apt. 135,north garry,id,46391-7571
Delilah,Antwan,35378603354563115569,7991 myriam drive,apt. 270,bergstromchester,nh,72933
Citlalli,Mathias,44871743144569469783,9079 blake forges,apt. 708,south floy,ma,76297
Arlene,Cora,76788375325128324867
Anahi,Declan,"",4764 corrine station,apt. 376,north brionnaside,ia,67859-6444
Wilfred,Tyson,46722285624416358751,1817 hollie lane,apt. 716,port giovannimouth,ks,23097
Stephany,Virgie,52416110111958307180,747 ruecker island,suite 587,hilariostad,az,51501-3352
Giovanny,Kathlyn,65363877946237245915,103 mayert creek,suite 555,nolanberg,ma,43639
Candace,Danny,63536501613458432311,5218 christa view,suite 113,thealand,wy,74442-5458
Lue,Reanna,""
Dalton,Ken,82487715781188431373,661 keebler village,suite 103,west bransonport,va,65444-7274
Laverna,Allene,15515697432674261781,217 stokes ville,apt. 615,north jessie,mt,42267
Cicero,Pearlie,34153057429828243670,3636 bernier dale,suite 344,port marlin,co,76095
Jada,Rosetta,"",1307 pollich circle,suite 693,denesikfort,nh,67417
Philip,Brenden,47849274326173223046
Maximillia,Benjamin,83711144762460128609,69189 deckow wall,suite 770,gleichnerberg,tn,13088-6653
Francesca,Kyleigh,31846717704228943053,4937 raphaelle knoll,suite 771,west christinachester,tx,87897
Briana,Colton,"",74948 strosin walks,apt. 339,mullerland,ak,93664
Shaniya,Dorris,67667755161367506927,47471 konopelski springs,apt. 501,north lexi,ia,54778-1609
Jammie,Cornell,46700648262567536357
Rae,Claire,59730044388238595290,5719 charlene summit,suite 239,julioburgh,ga,37191
Molly,Carmen,57878612114643616263,922 leuschke mount,apt. 221,lake johnnieberg,nv,72359-1862
Cade,Junius,"",825 johns roads,suite 125,east joshuahton,ms,76125
Emelia,Claudie,72479053602171482554,564 boyd radial,apt. 269,edythstad,nh,18969-0552
Cyril,Kian,91490254451727354865,298 stanton ports,apt. 229,south vellaton,la,48277-1021
Edmund,Jaylon,32172018461870162289
Lilyan,Sasha,"",991 marvin road,apt. 677,o'keefefort,ct,24714-6672
Rita,Milan,39714114949617741758,1275 clifford summit,suite 961,port patbury,nc,58666-5501
Jettie,Darrell,27897779652151533821,1303 boehm path,apt. 826,jerryshire,mi,11921
Wyman,Catharine,01527744028779369636,344 dach islands,apt. 833,friesenshire,al,85628
Hilton,Robert,""
Eryn,Hillard,28847668528621090756,61747 irwin falls,apt. 215,port gerard,sc,90916
Houston,Zechariah,03698258645218678284,29686 kevon avenue,apt. 201,west danial,oh,71228-2993
Sierra,Josue,26848767126556367345,41837 furman manors,apt. 654,vanessabury,az,89330
Alisa,Abdiel,56233105823354222736,163 cleora estate,apt. 602,south hesterhaven,az,57885
Jazmin,Tatyana,"",590 haley stravenue,suite 728,lake greysonhaven,hi,45936-0628
Phoebe,Nick,08618287288753125883
Orie,Anya,62953734013811185891,44317 kelley pike,suite 245,north savion,ar,30058-7020
Gregoria,Raina,93663832871062374538,35038 witting shores,suite 967,east lafayettebury,in,75810
Santino,German,"",720 jacobs trail,apt. 859,violettebury,co,74226-5428
Christa,Laury,05655974908165078313,391 schulist overpass,suite 347,lake camron,co,47869-2461
Trenton,Lacey,52456917907244413688
Micaela,D'angelo,75226547578316581329,685 jamaal creek,apt. 682,kaliborough,ky,20767-2041
Marcel,Leonora,41441137446821437872,590 johns mountains,suite 870,port matildaborough,ms,43991-6061
Jewel,Ava,"",24533 kemmer ferry,suite 895,south antwanside,oh,64514-1119
Evan,Viviane,81076875253393732933,4558 giovanny mount,apt. 915,norvalborough,il,39212
Hugh,Carolina,28336970078464458781,980 bergstrom well,suite 347,victorport,wa,71424
Twila,Immanuel,09696514989726827837
Ian,Jack,"",751 kiana mission,apt. 981,new anabelside,ks,81296-2112
Hadley,Anibal,25984734441543816120,722 nitzsche springs,apt. 369,port adolfside,al,26055-4643
Francesco,Joana,76576818127877770356,704 braeden lodge,apt. 544,west justinaville,ut,35626
Daniela,Kimberly,30453221893432298810,91157 kemmer flat,apt. 374,hansenview,nm,57156
Hobart,Madelyn,""
Madisyn,Cristina,71424575104887577086,1178 feeney walk,apt. 884,kerlukestad,ne,90552-5944
Darlene,Carolyn,35504247890261533969,619 shields place,suite 746,queenieberg,pa,29726
Reba,Tiana,51870620275765246964,8357 gleason summit,apt. 327,robertsshire,co,78324
Ezequiel,Leta,"",39529 lila isle,suite 607,whiteview,nv,51215
Demarcus,Darren,33498451303463782954,4033 sawayn port,apt. 840,deckowfurt,va,67033-5509
Rosalind,Kaycee,53620834632379244035
Devan,Chaz,40814604308562225288,233 aliza mall,apt. 868,feliciaborough,oh,30123
Pauline,Lamont,65855678128548450326,448 madilyn loaf,suite 429,new josefinastad,oh,35769
Oscar,Earl,"",937 kuvalis parks,suite 943,port mitchel,ca,62052-1379
Cierra,Marilou,62159291579388877121,30589 jammie mountain,apt. 991,leolaton,tx,69577
Leonora,Fred,78392177635756536712
Derick,Hardy,66326649189547382333,61379 lesch rue,apt. 118,jacobstown,pa,96252
Matteo,Chase,"",59326 maxine creek,apt. 793,reichertfort,nc,57753-1683
Earl,Carli,78434029194635418166,2738 dane mall,suite 220,port edgardomouth,la,33458-6059
Danielle,Lura,25274974106899668671,5339 aracely coves,apt. 999,east opheliaborough,tn,79883-0353
Olga,Jerry,05619447203721655314,893 kristoffer turnpike,apt. 112,new catalinahaven,il,60472-8611
Douglas,Melisa,85415476863673438430
Maida,Margarette,"",5663 rosenbaum brooks,suite 545,yadiramouth,hi,87966-7893
Gracie,Abbie,51534065513563527295,769 noble roads,apt. 423,lake citlalliport,al,96287
Eliezer,Lafayette,72608369232057192634,44940 napoleon square,apt. 285,laurianneville,hi,58730
Alessandro,Wilbert,48773878285174754513,370 araceli cove,apt. 381,wunschtown,or,49185
Alivia,Joany,""
Hollie,Spencer,18736263825244282456,27673 lind squares,apt. 522,waelchiside,nd,12768-1309
Lura,Lynn,64108578224071223642,1363 hyatt knolls,apt. 602,port annette,de,85212
Genevieve,Darby,63412669790475309234,7202 nedra port,apt. 653,port herminio,az,83006-2084
Karina,Ryan,87843751553454889387,768 grimes station,suite 699,lake lloyd,md,75180
Ari,Elisha,"",3405 bayer trail,suite 324,wisozkville,ne,87660
Chester,Name,42873032777187593647
Enrico,Mac,25126540483119269762,19813 schuppe place,suite 276,smithton,fl,32002-3856
Rafael,Amani,24361475352479975831,83894 o'kon gateway,suite 835,south olinfurt,co,19413-4408
Elenora,Amiya,"",74778 kihn locks,apt. 244,port brad,tn,35687-5346
Meredith,Amber,58486212214214415231,7087 gottlieb port,suite 708,schadenberg,ne,24685
Angelo,Vincent,23448429267724587697
Chesley,Colby,36852324766557572423,610 rhea valley,suite 232,south haroldport,tx,78469
Althea,Celia,85188102422152485251,5650 wisozk coves,suite 164,blazemouth,ca,37192
Darrel,Enrique,"",507 schmidt unions,apt. 371,fernport,md,95579-1716
Elta,Marlen,84832487384354332516,9039 graham mountain,suite 513,lucindaport,wa,55753
Franz,Ressie,45336124612814473282,528 kohler station,suite 922,augustineport,ca,41488
Chesley,Theron,16374214254587481138
Nyasia,Jailyn,"",62629 marquise forest,suite 345,ernaville,me,98541-2005
Lexie,Dariana,87563124831552352195,691 stracke rapids,apt. 975,south kyrafurt,fl,25022
Icie,Bennie,67426673532712362216,2267 magnolia lodge,suite 545,new isabella,ok,27254
Stone,Mariam,88777427842694347351,29491 funk turnpike,suite 486,south marlon,az,44252
Zachery,Zakary,""
Adelbert,Mollie,11186839143462624658,8498 gusikowski ramp,apt. 459,west briana,mi,64937
Yasmin,Elyse,45467957234046371735,2993 d'amore manor,suite 252,north franciscaport,pa,95424-6199
Leland,Alda,35311398897128880625,2657 mandy highway,apt. 932,north alessandra,wa,66230-3259
Alan,Tyrique,12238483323856010853,47760 adeline park,apt. 798,doramouth,or,78761
Shaylee,Ardella,"",277 pfannerstill skyway,suite 219,new karlie,ct,53761
Emmanuel,Taya,38480213161558182358
Alana,Domenica,81210772284296670811,482 gertrude common,apt. 587,cummingshaven,hi,11265
Elissa,Edmund,56477337312184284200,7139 wolff divide,suite 992,pagacfort,mi,35703-7409
Margret,Maya,"",6542 myrtie keys,suite 536,west chelseyton,al,68925
Bert,Douglas,65502283847323000743,37283 kianna course,apt. 770,harveytown,ct,41403-9111
Keely,Eveline,28218461024436518838
Elmo,Jayden,55410797061483712286,4324 lavina roads,apt. 920,toniberg,me,46325
Cathy,Felton,16047352173440307465,20229 yasmine trail,apt. 587,west stan,wy,63355-6412
Kara,Marcelle,"",32721 batz villages,apt. 799,west celestine,mn,15118-8235
Jessyca,Abe,78156427527688648177,60690 gutmann run,suite 265,east ronmouth,sd,36213
Roberta,Okey,26217128576052101245,7351 adams camp,suite 177,east margieburgh,wv,21646-4869
Kyle,Collin,40860869269220652377
Tyrel,Emerald,"",318 santiago walks,apt. 162,new jairotown,nv,94274-9231
Cynthia,Arely,21410030114381478921,936 bradtke corner,apt. 896,okunevaland,or,36599-7984
Rowan,Gracie,81434924107979330871,859 evelyn turnpike,apt. 321,jadeview,mi,31209-1902
Princess,Francisco,38702188417972867306,6638 earlene shoal,suite 565,port xzavierburgh,il,95518-7395
Gregory,Hermann,""
Citlalli,Marlen,94847652110830074203,98543 deondre flat,apt. 371,west beaulahfort,wv,10925-7884
Santino,Francesca,08261534812383437338,538 kenyon street,suite 214,wainoville,ca,43414-7663
Gladyce,Lucinda,29243835532577688722,896 maggio ranch,apt. 843,rosalindaport,nd,29816-9523
Monserrat,Haven,"",11909 anderson valley,apt. 190,presleyberg,al,27682
Glenda,Julie,66855398979588128277,6016 theodore ranch,suite 463,new leonardtown,co,19126-8766
Libbie,Pearl,24824245952412682986
Sierra,Garrison,62090958468767168955,2310 abigail union,suite 757,larissastad,nm,55011
Darron,Jaclyn,57422474364454868997,103 shields plaza,suite 965,quitzonport,wv,36930
Louie,Reece,"",2770 perry stream,apt. 122,port amiraborough,hi,12232-3215
Nicholas,Filiberto,40823273065433278353,4359 estelle mill,suite 625,east hughmouth,nj,63694
Gavin,Jakob,10116252832735682714
Sasha,Dudley,25458366341005753778,656 emery forest,apt. 981,port philipmouth,il,47741-5552
Madelyn,Lazaro,"",516 leila trace,apt. 683,west amelie,ct,94787-5628
Christophe,Newton,66882849556862272241,78991 jordy path,apt. 158,south kristopher,pa,11575
Garnett,Torey,36458645458372612761,53493 grady flats,suite 696,lake blakeshire,co,29093
Melany,Felicia,30146426605476446865,595 don rapids,apt. 268,port carolanne,ia,65270
Brooklyn,Mose,24904259515676379032
Faye,Vivien,"",2021 raynor terrace,suite 179,new melyssaborough,in,31003
Baylee,Christop,26785230204586227146,1053 rolfson camp,apt. 754,west philipton,ri,32333-2476
Hans,Claude,46777013755689761375,27893 bode mission,apt. 982,south destineyville,il,69159
Stanley,Cayla,97854223765357159210,86752 walter brook,suite 597,port jaedenville,mi,24683-9243
Felipa,Miles,66630079835676113417,705 berniece bypass,apt. 628,jennifermouth,ia,16184
Abraham,Arvel,""
Curt,Dariana,91922339388525382531,17612 reichert junction,apt. 101,new lenniemouth,wi,62785-1944
Hank,Addie,30370955994302084352,3557 frankie plains,suite 301,north kyler,id,32831
Telly,Hosea,13724899577843536249,9757 mohr shores,suite 780,blandaton,ms,51057-7105
Athena,Zora,"",3421 koss mills,apt. 937,gorczanyport,mn,13255
Hanna,Serena,17839798887442676466
Ruben,Audreanne,94932817388737164762,704 coralie inlet,suite 737,heathcoteland,tn,40765-9287
Herminio,Esther,11833213961511623234,57316 von station,apt. 117,west briana,ms,51333-7812
Lorena,Rowland,"",33692 annabell plain,apt. 938,gracefort,al,19403-4125
Weston,Winona,95419088522820126523,9792 gia courts,suite 471,bergnaumtown,ia,21139-4986
Era,Maxine,24636788416021302296,3649 ronaldo fork,apt. 456,south cedrick,ca,77771
Milo,Abdul,68913825830236871076
Chauncey,Josiane,63339284668855182578,85372 purdy tunnel,apt. 792,west josiane,il,61543-9117
Anderson,Imelda,"",8635 sincere branch,apt. 342,mayerbury,mn,27179-4350
Hayley,Micaela,85522068459305822318,62047 hodkiewicz gateway,suite 938,new gilbertofort,ak,66792
Trisha,Evert,58637723854717393368,9885 declan drives,suite 339,lucioton,mn,76972-2299
Marietta,Lurline,10831464331815106372
Gay,Nathen,"",9536 dare green,suite 814,east helenview,de,11036
Marc,Marie,70762324881391321684,446 frami wall,suite 228,gottliebfort,mt,13356-8333
Cathy,Jannie,31520818746831530080,50394 jaskolski ridges,suite 830,new kamrenland,oh,16224
Edmund,Ashton,65561135984427418273,99756 delbert highway,apt. 403,west napoleon,sc,82119
Yesenia,Roy,07124851651832757486,3956 anne island,apt. 759,karinefort,ut,63857-2670
Rasheed,Hilma,""
Demarco,Donato,00566835356913230320,80721 goldner run,apt. 819,new webster,nj,36241-1128
Tom,Maryam,35862989365258744167,38902 keshaun ridge,apt. 778,jenkinschester,tn,24369
Jamar,May,75158885277005623717,955 nienow canyon,suite 913,north clairmouth,wi,25472
Savion,Eli,"",63060 pearline cliffs,suite 200,new cloydview,az,26585-6358
Coby,Hanna,88338467879084765722
Xavier,Estella,18448338536686164773,82751 scottie park,suite 123,new koby,ut,41878-3310
Vesta,Jordane,23243647555417910822,619 bayer rapids,suite 544,korbinfurt,wy,61202-8666
Irving,Yvonne,"",26928 devan shoals,apt. 552,south tillmanside,mo,97748
Abdul,Robb,54676796846754337193,786 pouros highway,apt. 157,reillyland,oh,52784-1956
Pattie,Jed,08854285103688828067
Alycia,Einar,15467544699226242255,7816 fernando crossroad,suite 299,issacstad,ca,14767
Yvonne,Nathanael,32867486660956834157,78245 ryan parks,apt. 439,east karitown,wi,58450-1649
Trenton,Christy,"",2497 vandervort run,suite 151,east enidport,tx,54891-5700
Sonia,Elisabeth,32841617187153152456,8043 doyle gardens,apt. 535,port amyafurt,nj,84704
Carmen,Trycia,33767659115342557108,1414 dorothy dam,apt. 992,jacobschester,in,36596-6449
Alia,Josiah,86355575248483733529
Malvina,Eldridge,"",76446 kohler orchard,apt. 430,new kathryne,az,65000-2942
Nikko,Evert,81265242794503136334,77674 blanda station,suite 229,new corbin,ky,20049-9165
Aracely,Skye,59291478027375385631,55072 anna landing,apt. 109,east willishaven,al,77150-6168
Kyra,Cedrick,67957645913901883855,497 kaycee curve,apt. 794,lake malvinaland,ny,21228-3328
Brennan,Orion,""
Geo,Corbin,63972578864643911601,90309 hildegard throughway,apt. 850,boyleport,de,44450-6605
Fabiola,Jonas,81244820517356763771,35214 ritchie port,suite 660,port tarynfort,ms,16220
Aracely,Gerard,32086679668689310369,761 goyette vista,apt. 237,east gage,mo,21944-7586
Ocie,Maye,39226611246996363231,9124 wehner village,suite 172,krystalview,ks,40698-8319
Thomas,Nona,"",7609 lolita shore,apt. 416,braxtonborough,ks,13743
Angeline,Elmo,72359882174358614134
Lester,Reyna,39557456542045861626,595 brendon path,suite 378,towneton,ri,39676-0069
Terrance,Damian,07602172042171231777,275 stanton stravenue,suite 383,rosenbaumborough,wy,57814-2379
Erick,Pedro,"",3493 altenwerth wall,suite 283,east else,de,16965-3899
Fernando,Emmet,63339567312211105676,77210 rudolph haven,suite 398,north ernestine,id,88095-1823
Santos,Haylee,20876487083387829160
Ian,Morgan,62754236341237117141,87977 dean circle,suite 225,new mabelview,ny,44980-1322
Ulises,Rolando,"",877 kunde shoal,apt. 912,torreytown,ca,27725
Rupert,Anne,47115581788798457163,985 angela crossroad,apt. 268,lake amelia,ut,31408
Ashley,Laurel,98636493716343373059,33153 margret points,apt. 333,sadieland,mo,60073
Clark,Osborne,76161217678495336937,144 scarlett roads,suite 686,montyville,nm,11073
Carley,Libby,66456651458641128622
Ayden,Delfina,"",19820 christiansen ranch,suite 536,lake joshua,sc,68160-0069
Mason,Jaleel,53312528049839541256,21108 herzog passage,suite 317,new enricomouth,ar,15585
Walton,Wallace,65457710845788423178,1018 o'keefe centers,apt. 424,abigailview,nc,75277
Janelle,Josh,64872322014109150256,33656 barton island,apt. 575,south diana,wi,53772
Mona,Evangeline,""
Eldred,Vesta,28225132650228851202,14782 maverick trail,suite 519,farrellborough,nv,15581-0510
Reymundo,Soledad,62738000505535585224,271 aron street,suite 268,lake clinton,ut,24189
Abelardo,Donnell,50724810448874284784,91573 mertz cliff,apt. 895,south kirsten,mi,54382-8800
Augusta,Soledad,"",85103 weissnat mountain,suite 395,port audreanneberg,ak,82391-4313
Abdiel,Betty,59827004560880122358,39287 tillman greens,suite 242,olsonside,ma,95323-3417
Wilhelm,Tad,03315244686344339476
Jade,Shania,31258366636818469129,6952 alden villages,apt. 961,new jarrell,wi,33671
Agnes,Letitia,14780665997406217765,29652 barbara port,apt. 839,south joshua,ut,26138-1958
Jeanie,Chris,"",4035 mitchell vista,suite 773,mcdermottview,ca,45414-6231
Linwood,Cameron,17206428674249536357,1006 darien walks,apt. 672,port devonland,ks,58137-2570
Elsa,Dimitri,15061640334263948262
Gennaro,Simone,13425476704276446100,155 brennan path,suite 930,turcottefurt,ks,66797
Flossie,Oda,"",3362 melany bridge,apt. 967,joeyland,mi,40483-7607
Elliott,Ted,78875667348361446021,310 javonte glen,suite 864,considineport,mo,63021
Cristina,Garth,04806028877426533710,6721 fadel squares,suite 861,north america,ri,68318-7897
Ray,Ole,48402573143535833122,41578 bernier knolls,apt. 727,aylinshire,ky,39462
Ubaldo,Kennedi,26452234828121518738
Braden,Meda,"",5444 ed dale,suite 913,new derick,az,32035
Stacy,Cora,52815195827818833532,613 idell branch,suite 594,lebsackmouth,ct,74818-9769
Kyler,Cynthia,24676524811614538033,1435 beier stravenue,suite 196,darrellhaven,ms,40371-5734
Dock,Erin,33474064890745789959,9318 murphy union,suite 545,schmittmouth,fl,15263
Mathilde,Kaylee,""
Osvaldo,Johnny,93625032123237415081,982 o'hara circle,apt. 872,port alanisside,ar,73991
Joaquin,Pearline,16276359963916756559,8030 forrest village,suite 229,rueckerfort,wa,71814-0565
Vita,George,46589321794432982655,528 kulas keys,apt. 749,annabelbury,ga,33873-8280
Callie,Uriel,25175232413358205004,87466 harvey avenue,suite 244,o'connerburgh,ca,32506
Eliza,Ivory,"",9804 gussie road,suite 779,mathildehaven,ne,26900
Stephanie,Madelyn,35797248999373660416
Heath,Alexzander,80431445366545535338,3838 schmitt ways,apt. 283,laurinemouth,ut,87686
Elmer,Scotty,77742616628532178161,6485 chelsie pine,suite 299,south calista,ny,55112-3921
Winifred,Clarissa,"",9643 harris plaza,suite 238,donatoton,mo,56587
Otilia,Hobart,13215972446352886723,96996 bogan locks,apt. 739,west percy,ut,65386
Rico,Marta,65775611424330695521
Ada,Ellis,23439940464075479348,885 schuster road,suite 888,south liliana,mt,72667-7660
Perry,Lura,"",83077 modesto plaza,apt. 825,greenholtmouth,md,79623-8703
Norberto,Dustin,28690242558250333175,22952 alfonso ferry,apt. 682,east sarah,or,73109
Chanelle,Jaren,55185283455716825661,139 jake fork,suite 226,deonteland,il,42920-8164
Frederique,Gage,43813820544877178491
Carlo,Lemuel,"",469 dora parkway,suite 934,north nedra,ut,91659
Sylvester,Jalen,88539352732784774407,757 arlie mall,apt. 724,spinkaberg,az,14850-9913
Edwin,Deonte,78181532335520536373,221 lebsack mountains,suite 693,west orloton,nd,55469-8060
Tyrese,Heber,22672115472748581944,6378 stiedemann underpass,apt. 920,kuhicborough,in,39101
Lauren,Herman,95918388673468274323,11744 langworth loaf,apt. 151,north elliottmouth,de,77553-7319
Norris,Mallie,""
Alvah,Chasity,57112075862407252397,17377 vince tunnel,suite 984,east coopershire,wa,37247
Monserrat,Jeramie,49505189220688085161,7202 heidenreich mission,apt. 526,lowebury,tx,96113-1102
Alfonzo,Murl,83594206171886561226,10986 daniel track,apt. 395,henrietteview,or,76710-4459
Lexus,Dave,"",5501 ashleigh tunnel,apt. 591,south antonetteshire,tx,73658
Leonel,Elise,27984142274401456746
Rodolfo,Sally,30754261665374115431,593 erdman stream,apt. 186,west aylinbury,mi,62377
Efren,Dawson,08832788084467826384,9655 grady keys,suite 583,sherwoodmouth,il,98043-0398
Dominic,Daphney,"",81652 rosenbaum squares,suite 712,clayside,ks,37403-1902
Fae,Winifred,95736327377567820464,846 ted oval,apt. 368,lake cortney,vt,63089
Cheyenne,Newell,85568132756524305467,97934 ashlee cape,apt. 145,zemlakfort,oh,24477-6060
Lysanne,Friedrich,36424437716492274583
Burnice,Leopold,86780469662917854964,980 taya crescent,apt. 831,lake nathen,mt,58317
Isidro,Emanuel,"",71574 judson fields,apt. 437,east celiaton,ia,46153-4753
Joanny,Keshawn,81618412426151973162,625 effertz walks,apt. 136,lake weldon,ut,15894
Nigel,Zoe,57367842322579871903,44575 hermann glen,apt. 208,south laurineport,wy,37874
Cassandra,Haylee,43343674737239664861
Chadd,Kamryn,"",65851 gutmann meadows,apt. 998,giovannaberg,nc,43959
Henri,Demarco,74623565638572038237,3586 stiedemann circle,apt. 433,bettyeville,ms,84675
Tabitha,Kristina,66962183741196277894,6727 maribel well,apt. 721,weimanntown,ut,55458
Phoebe,Nathanial,94229411824558275793,16953 cremin course,suite 941,south martine,id,67622-5673
Norberto,Lesly,""
Anthony,Ida,05364466759288042143,10251 larue courts,apt. 945,bartellville,va,36499-3338
Maynard,Kip,73335115137263117551,578 cassandre grove,suite 451,east ivoryshire,az,61447-8745
Gustave,Althea,28368817271781535934,41456 jensen row,apt. 949,west waylon,id,34820-4509
Delores,Josephine,"",3096 bartoletti lights,suite 519,south alaynamouth,il,70548-8054
Guillermo,Davin,96444947560995803228,41512 margarita manor,apt. 846,kreigerburgh,la,55090
Violet,Austen,38679215335687362976
Merl,Fritz,75431672378266104978,2415 gino dam,apt. 660,east arnoldshire,wv,25286-9294
Julius,Theresia,47886526185318495310,5926 thompson walks,suite 594,reidhaven,wy,24800-2938
Rosella,Iliana,"",1325 maudie spurs,suite 100,north mablemouth,il,64881
Adeline,Daphnee,87669523441338916405,4334 cassandre prairie,apt. 151,sheashire,ri,89350-6346
Queenie,Lorenza,46688375621079315865
Jessy,Bette,72656643111154205616,66663 hoppe plaza,apt. 534,arvidburgh,or,42113
Zoey,Bridie,"",835 spinka neck,apt. 401,lake karenton,ar,26269
Mckayla,Lydia,09565366081121847287,3888 bode lodge,apt. 165,ondrickastad,me,21783
Jaime,Jessika,91606521434152835291,28038 leonie ramp,apt. 278,aufderharview,wv,95274-7369
Tyshawn,Wyatt,16218232165733263341
Myrtle,River,"",52204 mueller rapid,apt. 949,lake reinholdshire,me,27659-1471
Hallie,Tevin,91349442926184138426,50638 collier vista,apt. 637,lake georgianna,nh,23040
Joyce,Alex,62694681134726708305,76640 maiya station,apt. 937,torpview,ar,72053
Naomie,Orlo,55995196855460540355,44392 kevin run,apt. 570,mckenzieland,wa,63616-0751
Lavina,Rowland,24438027671821631757,15079 junius mission,suite 599,markston,ct,73629-0706
Rickie,Vesta,""
Diana,Icie,16172168621181280132,932 welch forge,suite 161,east june,fl,30316-9014
Ruthe,Amparo,68922761622686226269,103 emerson light,apt. 717,lake simeon,nh,37116-8625
Pink,Florian,28102466782076223030,158 wolf estate,suite 751,franeckiland,mi,20892-1893
Sonia,Amie,"",95995 josefina pines,apt. 456,port johnny,ct,87077
Deontae,Katlyn,55260752166661340712
Alfredo,Scottie,83822961466774478725,329 amber island,suite 705,ettieburgh,ky,99504-7592
Solon,Nicholaus,50641539881616627213,213 hank haven,suite 122,isabellefort,de,18088
Raymundo,Haley,57693556132989171161,7952 joanie radial,apt. 209,westland,co,12502-7443
Rey,Kelvin,"",96654 mohr island,apt. 939,lake stacytown,nc,76573
Reta,Khalil,18753221595353825703,153 lilly knoll,apt. 483,hettiemouth,ia,29549-2418
Harrison,Kasey,00062909005638231593
Abbigail,Arne,93835137425326512099,2323 cathrine summit,suite 195,estrellamouth,me,33813-2176
Osbaldo,Rico,"",13496 macejkovic garden,suite 122,metzview,ky,91653-3166
Lonzo,Aubrey,74251333263533274743,97970 destany neck,apt. 507,lake pattie,mn,57228
Violet,Norbert,51124202146750572513,99621 hauck mountain,suite 638,port daronton,ok,84980-8081
Elmer,Lenna,48655317845754439571
Harry,Waldo,45526824723072438591,6958 pollich meadows,apt. 643,mckenziebury,ri,49328
Felipa,Karina,"",19274 susanna club,suite 659,leuschkechester,ne,33450-2666
Donato,Paula,78223021050626539047,9542 goyette field,suite 519,lake hester,co,88075-2826
Ole,Adrianna,05464468277844524554,1302 anita ports,suite 456,east raphaelle,nj,11085-7031
Amelia,Gail,63349088843045587231,5650 hahn divide,apt. 671,jamelborough,co,38267-6724
Whitney,Nasir,""
Alivia,Gonzalo,35426428382361239115,14525 kim prairie,suite 887,belleside,az,97079-8604
Cade,Antonina,43145514696896308714,39536 o'keefe ville,suite 573,josuemouth,nv,98622
Charlie,Lawson,62088387878858673578,1202 kip isle,apt. 678,handbury,nd,92537
Blaise,Ronny,"",8738 javonte mountain,suite 298,east orlando,ma,31548
Anya,Augustine,71819812747539867330
Olin,Linnie,80819063877054465317,15490 auer cliff,apt. 248,carolinamouth,wy,12679-9555
Annabelle,Keagan,81996827578288315443,864 schinner underpass,suite 868,port orionville,mn,89823
Janet,Roger,31575718082841873642,440 arthur fall,apt. 449,stephanyburgh,or,53080-2213
Rosemarie,Alysa,"",5062 miller circle,suite 853,lake shanelchester,ne,74948
Regan,Deondre,48884262731347823561,29573 olin river,suite 926,lake flaviofurt,ak,36068-9374
Nicklaus,Robbie,05974271528949272905
Wallace,Roxanne,61560018841422415715,17634 blaze unions,apt. 415,kristianside,sd,12277
Elsie,Mae,"",80392 gayle fork,suite 154,lake aaron,sc,84631-6522
Jakob,Kaela,76606597365672258723,968 einar ridge,apt. 209,new michael,ct,60036
Jessica,Marisa,23470402289718641724,77095 schmidt islands,apt. 648,west tyra,co,71115-1281
Arvel,Ora,86117491612447150943
Domenic,Flavie,82169939683427326868,9559 bartoletti estates,apt. 470,east alden,ny,66950-2218
Maybelle,Gennaro,"",13877 eulalia corner,suite 826,south devon,ky,17208-8494
Samanta,Leonardo,77269359436418795725,5021 wisoky circles,suite 445,verdaberg,id,54683-9484
Arturo,Kirk,03679729642305939155,98546 rodriguez throughway,apt. 582,north susanna,mo,80834-9645
Robert,Dewayne,26865022107716117323,9924 thea river,suite 410,cortneyshire,nv,73771-6906
Cali,Jennyfer,""
Haskell,Lina,12770166235584598084,27319 graham ramp,suite 382,tavaresfurt,wa,60282-1443
Anne,Luis,02140087877792984483,7219 labadie row,apt. 547,north kaitlinshire,nv,89970-4115
Letha,Jennie,22236072590337455545,616 keyshawn mountains,suite 820,rogahnfurt,al,87762-5230
Chyna,Linda,16232717843083777366,5661 boehm points,suite 308,new jess,mn,72195-7389
Brielle,Maximo,"",22519 hillary spur,apt. 889,runolfssonmouth,nj,78764
Leopold,Rogers,43155701881697888425
Terrell,Louisa,12836228722643462847,349 orn light,suite 102,north irving,ct,80928
Alicia,Ivah,54705203323547188481,8383 nelda forks,apt. 450,new ethelynmouth,nj,71901
Loyce,Anthony,"",2893 bella tunnel,suite 251,cecilemouth,de,79639
Ismael,Flossie,44526249021103095656,295 wyatt estates,apt. 691,ondrickastad,ny,65519
Mark,Jeffrey,84512536013515085173
Santiago,Destini,91485643837783862714,6957 keebler dale,apt. 876,lake dariana,pa,35209-7377
Douglas,Vicenta,"",23255 laurine lakes,suite 129,hollieburgh,ar,32495-8095
Jasmin,Margaretta,91593828591585130826,331 keven river,suite 475,lake meredithshire,mo,97577
Ignatius,Dameon,16833993488189558934,354 mcdermott run,suite 634,port bradlybury,il,98602
Sunny,Rossie,44859633322136305429,441 durgan prairie,suite 767,shanieberg,ms,69313-4678
Allie,Eldridge,22267686851527311842
Janessa,Wilber,"",59548 felix falls,suite 877,lake lillianville,ca,10236-1159
Nikolas,Travis,68121271360536280669,30544 eileen neck,apt. 348,murraytown,ga,25064
Colby,Jamil,49641590839555968736,45223 koepp path,apt. 885,russelville,ny,99922-1161
Gay,Darrel,18252593334747842272,462 jovany plains,suite 774,east brenden,ok,64955
Jefferey,Jade,""
Edison,Leola,12156705084526623094,4389 hartmann extensions,suite 406,north audreanneburgh,md,51470
Carlos,Theresa,34260173521352459827,963 kohler motorway,apt. 352,mayeshire,me,83722-3743
Roosevelt,Rex,41346568502216385627,2344 raynor wells,suite 228,vivaside,sd,15619-8781
Wilfrid,Eli,58627451442571360995,4616 lloyd fords,suite 440,lake larry,va,12733
Mario,Gudrun,"",193 rickie course,suite 106,east rebekahland,mn,94752-6575
Nannie,Gennaro,05028377441696667012
Aubrey,Cayla,06223283081952123624,840 jaylon tunnel,suite 501,lake lois,wv,17533-8659
Okey,Tamara,67965161643522121454,978 teagan cliff,apt. 899,jerdebury,ms,74733
Terrence,Verna,"",90402 rogahn tunnel,apt. 851,port aglaeburgh,az,94252
Terrill,Enrico,74450928669405427956,3398 bogisich avenue,suite 272,port dortha,ri,79475
Spencer,Laron,47861735626535456339
Herman,Chauncey,82037584025475896716,403 ratke spur,apt. 600,rutherfordfurt,mn,18558-2572
King,Luna,21288645425631460145,64346 darion field,apt. 271,west daphne,hi,47827
Beverly,Sean,"",3080 dietrich ridges,suite 281,zboncakbury,tx,48120
Uriel,Jalen,85631826443445100857,3857 heidenreich skyway,apt. 187,devonshire,ky,33315-5409
Meagan,Queen,55316787449337576758,562 darrell parks,suite 344,vivabury,sc,80244
Antonette,Jaylan,28168078418845416078
Wade,Marilie,"",840 destiney walks,apt. 389,helenaberg,ok,12336-6737
Andrew,Laurel,60853665784443065134,398 eulah route,suite 593,langworthborough,ar,89837-4895
Kaitlyn,Lulu,79806645745843886586,15444 keebler fall,apt. 408,petraburgh,nd,76874-3106
Rachael,Gregory,07177363884788826518,798 timmothy neck,suite 645,new aurelia,ks,63295
Rubye,Jazmyn,88596214345877526933,9864 lorenzo view,suite 716,loweland,ak,43287-7159
Zander,Rosina,""
Larry,Eugene,12019924467313280442,211 bednar knoll,suite 708,west elody,de,14539-7855
Damien,Florian,42817227058767771292,707 marlee stream,apt. 764,josianebury,ct,16772
Payton,Lionel,20211028741618280678,979 cruickshank alley,apt. 472,new alessandra,tx,65832-8027
Karelle,Ellsworth,"",16234 linwood ville,suite 182,flavieville,mn,10703-7625
Russ,Damion,45727731217982243380
Hulda,Mackenzie,36437183745878544119,929 kuhn turnpike,suite 272,gulgowskifurt,tn,76365-6120
Nikki,Francisco,55441227771421487761,920 green garden,apt. 409,lake rhiannonburgh,ar,16562
Ephraim,Kacey,"",452 kertzmann plain,suite 746,konopelskiton,or,29837-8014
Dayana,Ayana,24825193272319882775,4725 kaelyn brook,suite 909,zboncakview,tx,88034
Gussie,Vito,73897188158616514628,737 hilll land,apt. 644,harveyland,al,67048-1926
Elinore,Amelia,86517238458309648281
Bridie,Walter,24328651575762821081,89211 conn prairie,suite 956,port lillie,fl,31666
Weldon,Delta,"",77116 norris summit,suite 387,lake tristinfurt,az,38899
Harold,Rory,42395147874836146250,451 francisca well,apt. 560,port cordiechester,az,46977-5891
Gudrun,Katlyn,87948501685924110340,2080 cormier lights,apt. 664,west tommie,ar,76016
Cathy,Josefina,40387838569848988476
Mariam,Quinten,"",717 mervin street,apt. 861,sipesside,md,27405-6825
Malika,Leopold,24855652128341264798,3352 laurence ways,suite 705,north adrienne,co,39661-7707
Kenneth,Ebba,68284845538257288521,971 stark mews,apt. 425,port maye,ga,69880-7407
Jaeden,Madge,74321725964362666257,9085 roman fords,suite 617,north anjali,ca,87304
Ransom,Easter,82747111711633767371,725 lawson via,apt. 499,sengershire,mo,70172
Ivory,Eriberto,""
Ophelia,Davonte,42412886821279436370,382 scot course,suite 110,yundtfurt,ks,94660-4432
Xander,Remington,98433831772527805771,220 glenda ranch,apt. 553,port duncanchester,tn,31521-8231
Furman,Ahmed,66823397362152742352,1529 torp shoals,apt. 600,north tremayne,mi,23001-6993
Okey,Addie,"",6137 glover brooks,suite 624,west mathiasfurt,ma,78552
Garret,Marcos,13744575845127725253
Destany,Shyann,18368288366959503411,2416 juana creek,suite 693,lake raven,nd,24918-1054
Felipe,Tia,53854443942561021243,24482 schaden plains,suite 938,north alejandrinborough,ut,68350-0916
Orlo,Gerry,"",4895 bechtelar branch,apt. 334,fritschport,nd,74830
Romaine,Whitney,51985552465660113116,2130 ben club,apt. 588,americastad,ut,21837
Gustave,Brain,18681608075444114364
Oren,Emma,74775346875851464615,47760 madeline canyon,apt. 188,port trycia,ms,19108
Ewald,Reva,24483762688409484286,4446 lori landing,suite 944,new kennethmouth,me,50518
Chance,Bianka,"",968 buford plain,apt. 799,donnellyhaven,nv,97697
Peyton,Keara,36350101041604734322,19877 stark vista,apt. 532,north tyrellside,wa,32138-8200
Lisandro,Wava,41858616665622851581,87866 blaise lane,suite 761,baileyberg,va,49798-5067
Mathias,Junius,13167307912775331426
Elisha,Leola,"",86075 dickens view,apt. 593,port giovannaborough,wv,82707-8307
Hoyt,Malvina,65622132254287821215,493 d'amore parkways,suite 957,grantland,ms,74306
Maida,Keeley,56711069593334691168,2167 jamison street,suite 219,russelburgh,nh,27733
Dillon,Destany,26108818673906628366,5109 flavie glens,suite 958,new sandyville,oh,26099
Madelynn,Clark,75253266495513711122,5096 garrison ways,apt. 399,feliciachester,mo,53855-4509
Krista,Patience,""
Arnoldo,Trace,16286710567616426624,6334 murazik tunnel,apt. 571,west adanville,ma,24242
Chaz,Estel,16361762255232849364,78637 grady wells,suite 420,lake isacmouth,nh,35775
Marisol,Leonard,43560217228251115876,999 lauryn summit,apt. 478,wunschburgh,vt,47185-9192
Donnie,Ari,"",5612 zachary view,apt. 542,rafaeltown,ny,59334
Lina,Marques,58350636146450555948
Sammy,Grayce,18436872310146287761,3120 renner spur,apt. 157,malcolmmouth,wy,98121-0918
Donna,Dedric,03288946167784301271,226 gabe ports,apt. 984,port lizziemouth,nv,86915-6228
Clovis,Chloe,"",7463 mcglynn corners,apt. 323,lake paxtonborough,ms,54287-0029
Darwin,Hulda,36886086088402135421,224 runte fall,suite 143,eichmannhaven,in,88779-8204
Reinhold,Johnpaul,87332962817661482678,62166 roy summit,suite 853,lake afton,wv,87078
Mellie,Bridget,01384347757379368149
Marlen,Antonina,02514681673690283350,71595 zetta shores,apt. 685,east bria,tx,45458
Pamela,Isobel,"",6888 maryjane plaza,suite 739,new cooper,pa,33915
Ivah,Shayna,15480924236188365305,403 o'keefe radial,suite 844,south edgardo,id,86556-8502
Mathilde,Helena,27754726247908433555,81404 legros mount,suite 891,east jade,ks,80922
Alessandra,Seth,52723423431074761268
Lisa,Rickie,"",73125 smith fields,suite 378,lake vickieside,mn,62649-3294
Dayana,Hailey,12048537202547664553,620 jacques station,apt. 846,new richmond,pa,56992-0546
Camren,Chanelle,34187655490474717556,23269 barrows grove,suite 120,port brant,ks,93188-4010
Lauriane,Alessandro,80452456270774546545,279 cruickshank mountains,apt. 872,kossmouth,ne,82908-0005
Georgiana,Norberto,""
Erik,Virginie,64044616614308263928,88124 purdy mews,apt. 129,okunevahaven,wa,86538
Lisandro,Elena,70104240686817816277,28477 brekke squares,apt. 191,port joanny,nj,82856
Reba,Marcelle,87058362188823869694,8464 gorczany vista,apt. 701,oraberg,az,38358-4617
Schuyler,Stephan,12741228749460943710,5484 angelina ford,apt. 893,jalynbury,nj,96286-0128
Buster,Sabina,"",5022 feeney rapids,suite 109,lake jettie,ky,50887-4853
Sarah,Candice,45283669153267877284
Roxane,Noelia,40856262557556157783,46231 gleason ville,apt. 102,port bufordborough,hi,67342
Evangeline,Talon,48748211123542557167,21299 weimann plain,apt. 153,jeramiestad,ma,58136
Maureen,Scottie,"",17857 orn trail,suite 231,bettechester,id,52174-1391
Trinity,Llewellyn,54828415865284677028,421 borer hills,apt. 946,hahnbury,nm,52134
Keaton,Solon,53104132614898556068
Sylvan,Annabell,93316649446904655723,19225 kemmer dale,suite 623,lake desireefurt,ar,98598
Terry,Odie,"",78856 joelle plains,suite 949,lake hassanmouth,ia,19291-0289
Audra,Mariam,59723177414617586618,488 bauch dam,suite 676,gulgowskiland,nc,86350-5814
Sid,Celestino,22903513024544374115,346 sarina ridge,suite 783,new toreyburgh,ca,74640-0150
Abigale,Mason,24038278526372548804,9898 robin greens,suite 256,south vaughn,mo,68152-3251
Arden,Weston,32228179434435274222
Adrain,Connie,"",874 beahan club,apt. 480,leuschketown,me,93012-8340
Patience,Velda,13784922418114611411,863 rohan trace,apt. 152,south busterville,ut,25865
Alysha,Prince,12714051824766282124,4995 candido trafficway,suite 504,ornfurt,ak,89306
Krystina,Leann,16160373621813596452,48615 senger mission,apt. 307,volkmanstad,al,87738
Stella,Enrique,63545239351228716621,988 kautzer mount,apt. 579,camilafort,mn,83439
Zackery,Duane,""
German,Lester,89567688257966642046,1292 ottilie crossing,suite 376,lake gennaromouth,wa,38055
Eileen,Bryce,28664312481688288116,5920 schimmel plains,apt. 816,east lavernestad,ut,74800
Laurel,Don,63762430774171366829,8287 jenkins wells,suite 620,noelchester,nj,95059
Kayley,Jayda,"",23595 johnston villages,apt. 448,port henritown,ny,51002
Annabel,Zora,18232506246810523808
Ivy,Trevion,75236572631444193936,4987 lowe centers,suite 981,new maynardton,sd,61003-4316
Aisha,Paolo,05314128653761821292,2296 keyon hollow,apt. 946,beerstad,ky,85576
Dane,Jany,"",6144 white views,apt. 302,danielhaven,ne,29847
Zachery,Scot,71984277521245586588,4981 fadel branch,suite 323,alishamouth,az,10432-4276
Alycia,Nelson,39273606738837804970,45049 stokes square,suite 769,daughertymouth,ca,33500-9310
Colten,Kenna,55483947886523366121
Emmalee,Kaia,05302875356168421410,1048 kareem wall,apt. 788,west jayne,nh,70020
Wilton,Hunter,"",56077 ashlee walk,suite 457,west alizechester,nv,50869
Pat,Ryann,24910742345185515717,329 boyer tunnel,apt. 378,fayberg,tn,12340-4353
Ivy,Zoila,73572125564548464511,710 fahey walk,suite 595,east deangelo,ok,11196
Peter,Eloise,22257552317939476868
Lori,Neha,"",7027 o'kon valley,apt. 819,douglasfort,mt,88310-3525
Hellen,Rebekah,91502772761691023841,3934 rolando overpass,suite 425,east waltershire,wa,64878-2190
Reece,Sheridan,84682696256698046872,873 cremin trail,apt. 736,monahantown,sd,18130
Norval,Theresa,65158636356922230323,83671 yazmin viaduct,suite 617,durganville,oh,47053-2483
Kayla,Margarette,22198346583313841744,102 emmett terrace,suite 839,geneport,wy,96794-2969
Paolo,Ted,""
Milan,Delfina,34871646827941575252,1959 nichole plain,apt. 186,hildegardchester,wy,67527
Elsa,Gillian,17574559283745696081,8872 bernhard cove,apt. 938,south kris,sd,66876
Gretchen,Virginia,70666478412228629807,7492 orn lights,apt. 268,lake vernerfort,mi,53351-7367
Kara,Travis,"",804 morissette parkways,apt. 965,jedediahborough,wi,67358-3896
Gilberto,Bernadine,98366128336325530339
Juliet,Anastacio,56583437346384333637,22979 rowe cape,apt. 865,lake irving,ut,95144-6905
Andreane,Grayson,59552365860515293554,872 monica prairie,suite 135,west merl,ct,41501-9873
Peter,Rosalia,"",142 kub trail,apt. 904,port walkerborough,ct,61752
Brandon,Emmet,84527115414775774706,7734 simonis crossroad,suite 948,new reannaberg,tx,47071-5385
Berenice,Javon,15359922697806443932
Agustin,Paxton,39151481271102596154,2489 walsh ranch,suite 191,gaylordfort,ga,28779
Claudia,Henriette,66435572277732381204,64688 cremin inlet,apt. 535,antoninabury,ks,69548
Bryana,Orval,"",50351 kuvalis camp,apt. 411,donnamouth,wy,71360
Jonathan,Bart,35976274041411133475,868 chanel route,suite 676,east merritt,ne,96333
Aimee,Clifton,08264734691481483344,520 viola tunnel,suite 770,west nedramouth,hi,43455
Brock,Antwon,87733831468020841852
Marlin,Amari,"",11264 prohaska spur,suite 877,rociomouth,ut,78963-0445
Sigurd,Horace,96721384749251776385,8788 heathcote land,suite 708,port coltenland,ct,33164
Bradley,Christa,63103578522859476757,956 mariah flat,suite 331,teaganfort,vt,96014
Nat,Barton,34363718708141262755,30207 parisian ports,suite 795,new keaganbury,tn,38846-3683
Nicholas,Damien,""
Emery,Kellie,17999571714249810775,8269 lesley views,suite 852,east nicola,mt,60309
Kaia,Chet,15426522985135118964,8354 wilderman squares,suite 699,jadashire,ut,53770
Julie,Susanna,88962956167154661622,6712 kerluke harbor,apt. 783,east rebecafort,nj,93961-1718
Earnestine,Elaina,95628741424736387381,4434 purdy club,suite 220,harberton,de,16241-5271
Adrien,Alexandria,"",667 johnson junctions,suite 402,gracielastad,de,27632
Rodolfo,Jeanie,44888934255533338659
Nora,Vince,10423717557560718827,618 gerhard village,apt. 619,south connor,ms,87053-3920
Tara,Ola,72914438818587646469,6677 judy road,suite 792,ismaelville,ak,76774-1253
Harry,Marcelo,"",1575 cathryn point,suite 965,nataliafort,oh,27547-2655
Dangelo,Norris,23223184322956335692,16886 sam junctions,suite 409,runolfssonport,wi,48890-0434
Serenity,Jacky,74741183137186713548
Fredrick,Ned,53756238522851256527,267 howell course,apt. 906,lake theresaview,al,82910
Sonya,Wade,"",2506 cale dam,apt. 494,annamaefurt,vt,22081-6121
Trenton,Lula,24584644118522155923,5318 ebert pass,suite 632,west kelton,nc,50236
Ahmed,Virgil,58895371262259537872,581 goodwin trafficway,apt. 875,blandaland,ct,10005-3435
Maribel,Palma,77630156832476150887
Cecelia,Mitchel,"",50615 kirlin points,apt. 132,lake johannton,wv,14940-3717
Ena,Margie,59738827571147776635,4544 mike crest,suite 995,bernardmouth,or,55368-1559
Elenora,Soledad,41135041595519636135,1669 beahan field,apt. 349,idellfort,mo,84344-6373
Jaeden,Austyn,06795220203249079221,5963 jarred orchard,apt. 276,bechtelarview,ut,30954-0094
Forrest,Rose,42833317231887680418,89544 simonis walks,suite 252,trompbury,ks,99253
Uriel,Christian,""
Alden,Erich,33267797476684360339,8172 fritsch stream,suite 762,south julianneland,ri,38422-1151
Henderson,Kristian,78856617157953062399,508 lind courts,apt. 815,caseyfurt,ne,70286-5073
Chet,Ulises,21865812243735562780,2616 beahan fall,suite 282,guychester,ut,21889
Hassie,Margarette,"",70918 hegmann extensions,suite 543,binschester,nh,82240
Rashawn,Augustus,92185358567184576151
Adelle,Gus,41714783208974094802,382 walter islands,suite 609,flaviofort,fl,55602-4191
Wendell,Leonard,27258035474678646463,8632 beahan dam,apt. 577,robbmouth,ne,12501
Ignacio,Jedediah,84433686354226372584,877 wisoky lodge,suite 983,north meredithfurt,wi,18213-9215
Hunter,Sonny,"",2046 lebsack village,suite 866,stephonport,wa,50683
Gino,Catherine,47351415522163541554,371 sporer fall,apt. 724,east evie,mt,98185
Reginald,Melvin,13812326659864683561
Geo,Tiara,14848211554551481743,7175 ethelyn village,suite 966,south sheridanfort,nc,30060-4353
Issac,Sven,"",704 nyah passage,suite 101,zboncakville,va,58959
Constance,Ima,11024243647065686033,85931 kade view,suite 507,north claudehaven,mo,60935
Jerrold,Athena,07157363276277383403,6317 pierce inlet,suite 567,new jeradville,il,52578
Wyman,Michel,09842054671284820179
Mozelle,Linnie,"",9602 destiny knoll,apt. 765,west tess,nc,17290-2532
Margarete,Eriberto,26442328511248481286,40185 donnie landing,suite 317,tiffanymouth,nm,17514
Eleonore,Sarina,28418204924278586790,53996 jacobi cliff,suite 437,destiniview,ok,29025
Henry,Kasandra,62585671567116220958,32740 rohan oval,apt. 485,port zechariah,sd,67942-2289
Sibyl,Newton,52138617447831651452,9860 goldner unions,suite 364,north annettamouth,tn,74636
Katharina,Cameron,""
Eliezer,Mervin,42378663945791858211,971 aliza points,suite 235,south eda,pa,85672-7956
Hazel,Kenneth,96476031546663876075,3991 liam trafficway,apt. 785,port collin,ar,65591
Prince,Matt,27276412208977655729,4625 kiel estate,suite 835,port reed,il,39652-3388
Jena,Milan,"",3695 rau island,apt. 556,donnellyland,wa,64045
Francesco,Marques,78859804102076781475
Clementina,Rosario,72086444266550628172,894 blaise fords,apt. 296,mooreland,md,77851
Duane,Shaniya,17163159144661044264,5879 shanahan forest,apt. 765,south axelmouth,ar,79304-1350
Westley,Rusty,"",451 juanita landing,apt. 916,port berta,wa,49442
Tina,Oren,40650418870642443148,91079 wisozk plaza,suite 552,north makenzie,ia,37897
Donny,Kamron,46814566326782158020
Winfield,Hellen,56759584710252165672,632 hudson glens,suite 470,sipesville,la,47198-9784
Lillian,Stevie,55265421220171154383,61122 schulist pines,suite 192,new frederiqueborough,nv,92333-2779
Eddie,Reva,"",139 brakus street,suite 692,north mireille,sc,86829-0708
Lowell,Taya,19657404594488606484,1247 roob cape,apt. 220,kadeview,ma,31873
Tyrel,Bertram,86315628636459344886,92576 alejandrin mountains,apt. 861,bernhardfurt,co,64610
Joshua,Franco,06959968475107223228
Kyler,Laurie,"",8317 macy plaza,apt. 510,adanville,tx,52940-6713
Pietro,Morgan,54111551671388815675,853 wehner mill,apt. 555,west kimberlyfurt,mo,75111-3797
Eliane,Cristal,68521173452125585642,178 jaylon fields,apt. 887,silasburgh,co,29632
Meredith,Ellsworth,39478176628007571114,8510 rau inlet,suite 446,farrellfort,nd,57140
Declan,Jaleel,""
Randi,Alanis,48554795787220288957,28846 vonrueden wells,suite 123,rueckerhaven,pa,19418
Jed,Joey,39525625036538683386,848 quincy flats,apt. 462,o'connellview,ks,21355
Kayden,Kareem,14715615579224595627,555 brekke lock,suite 383,new ebba,vt,26697-3476
Mariano,Jermey,29107826021605862254,18620 sedrick port,suite 584,south kristian,ri,91045-2294
Enrique,Idella,"",38076 mann trail,apt. 998,konopelskichester,ri,15098
Dolores,Zachariah,65436707940503769956
Elinor,Dina,95529537269374616611,9622 botsford field,suite 807,east marcelle,mt,74542
Rae,Melissa,34763881551351244695,6823 retha glen,apt. 832,rippinstad,ga,11803-6930
Lacey,Kelton,63617075957465480655,22892 nicolas court,apt. 885,lelandstad,pa,51499
Carlie,Lexus,"",6226 bahringer loop,suite 312,south maybelle,tn,28862
Sallie,Katheryn,51411799424535815166,290 noemie wall,suite 980,north margotstad,fl,52059
Keegan,Jimmie,32246845339518542053
Macey,Jeffrey,25767374284584628735,69404 o'connell station,suite 511,wunschfurt,mn,15287-8245
Fatima,Wyatt,"",5662 schiller greens,suite 758,enochbury,ne,79396-6761
Emil,Lilly,35465855152897167227,46766 gerlach mill,suite 974,bethelport,oh,79421-8443
Eve,Ricardo,94188768659520177502,128 theodora tunnel,apt. 186,west herbert,il,76328-3554
Aliyah,Edgardo,18750116646130283424
Juliana,Alayna,"",866 jessica shoal,apt. 434,south jadenstad,mn,99433
Vladimir,Anya,21110045522637544875,827 reichel village,suite 527,east garrison,ak,92859-9532
George,Velva,36298018595055564808,361 brice square,apt. 907,doraburgh,wv,30426-3453
Ayden,Oceane,35486215849791288028,9120 crist glen,suite 300,kacieshire,fl,13728-1450
Winona,Bernadette,""
Colt,Foster,45718517812902142423,32349 ryley mews,suite 136,south precious,nc,79928
Hilma,Marley,62912234268445355161,1636 walsh view,suite 842,east micah,ar,62121
Ronaldo,Darren,42545787273635786116,5221 bins shore,suite 715,north floridafort,in,71105
Ariane,Mikel,29447491794282466463,124 jevon station,apt. 628,hackettborough,md,26216-4760
Adriana,Earline,"",99045 stokes lodge,apt. 599,lake edgarchester,ny,38684-5186
Estevan,Kaleb,56459770497589053624
Trystan,Elenora,53488458285757124397,4182 denesik valley,suite 578,handburgh,il,92576-4775
Lilla,Reanna,62615912784728653873,40656 goodwin lakes,suite 117,kutchside,ne,59896-6248
Jadyn,Marley,"",75974 keebler row,apt. 556,new josh,tx,19902
Jovani,Wellington,58525196117021775842,435 reichert cove,apt. 644,fritschmouth,nm,77039-1105
Fannie,Elva,55845160326361687052
Pinkie,Reba,23114611555967534118,2071 richard motorway,suite 299,macejkovictown,mn,61890-8237
Boyd,Beverly,"",6752 johan crossroad,apt. 188,kingfort,fl,55373
Mozelle,Chris,38288773205718742184,65717 reynolds glens,suite 746,alessiaborough,ar,81249
Nayeli,Fleta,13316282524204502664,8801 tromp circles,apt. 252,bergefort,hi,93147-7397
Jameson,Cordie,25086269276885857815,206 beahan passage,suite 895,danielchester,ar,66867
Crystel,Sonny,33864142691515140875
Moses,Doris,"",740 grimes road,apt. 439,durwardfort,ar,21804-6942
Kyler,Dolly,16612472955304398679,870 noemi fords,apt. 177,odiemouth,fl,83755
Parker,Denis,65673163130271673601,428 simone extensions,suite 806,elissatown,mo,76302-2778
Mara,Filiberto,31424101616943659357,259 blanda ports,suite 803,ryleymouth,sd,95545
Laury,Gustave,""
Russell,Meagan,23951520074834284473,12359 medhurst avenue,apt. 746,greenfelderstad,sc,15482-1337
Virginia,Sheridan,35482232374763781185,840 frances shores,suite 386,bergeland,wi,12963
Dane,Claude,46871515030727938191,1900 schroeder wall,apt. 940,alicetown,tn,11922
Chase,Remington,"",2550 carter green,apt. 400,websterport,wa,24738-5569
Mary,Osbaldo,82865367240283787168
Edgardo,Toby,36404641733234746671,74192 winfield motorway,apt. 891,port zeldaton,ga,52268
Kali,Amani,62469314534436054572,7740 dominique fall,apt. 268,south maureen,de,35755-9165
Dallas,Octavia,86668111264427362322,25005 cremin mall,apt. 909,lake laurianechester,ia,43810
Greyson,Serena,"",2512 kelsi island,apt. 130,lake jacynthe,az,31599-0081
Vince,Richie,44228118832145781472,35448 rickey club,apt. 229,domenicachester,in,63600
Ebony,Shyann,22793934764716077471
Stephania,Arlo,51921118626134244135,603 spencer ports,suite 531,south fayeshire,co,46651-2505
Raegan,Serena,"",90998 yundt coves,apt. 966,parisianland,vt,22808-3439
May,Afton,16407501752687095446,2697 reilly parkways,suite 515,new ciaraborough,pa,85055
Shakira,Francisco,68565586692773954878,39481 lemke freeway,suite 321,west annetta,wv,32537
Ryan,Juston,04336552575818615372,819 lelah parkways,suite 768,south shana,ok,43306
Hilbert,Elyssa,31333745144880645453
Loyce,Jamarcus,"",9602 marshall vista,apt. 967,vicentaborough,me,55105-3839
Flossie,Virginia,03688368161751345532,663 hills inlet,suite 499,new dortha,al,15926-0183
Jaylin,Kurtis,36497059118867646051,3673 reichert path,suite 704,wisozkside,ok,75299-8570
Gus,Alexys,76123636771221410641,285 gabriella rue,apt. 280,hamillberg,co,35494-4940
Scot,Hassan,""
Janet,Eveline,53272564179427877106,4171 jaydon tunnel,apt. 731,emelytown,wv,61195-1220
Van,Lavern,94347484921451484757,21433 demarco freeway,apt. 397,north maybell,ri,29687
Freeda,Maverick,24571838823238266108,7917 hartmann meadow,suite 658,port nicolasberg,in,59961-4517
Forrest,Duane,71775449690542881514,568 tatyana loaf,suite 348,raushire,ri,43678
Lucienne,Skyla,"",9292 frederique mountain,apt. 936,new anna,tn,15038-6281
Aliza,Matilda,18217173839021324139
Adonis,Wiley,17677630271463571262,916 ashlee courts,suite 465,arianeville,al,24747
Delfina,Sandra,24813711586467621397,3773 lonny rapid,apt. 120,peggiemouth,ut,58674
Juston,Myrtie,"",252 ondricka knolls,apt. 456,binsburgh,or,78286
Zack,Luis,68366137855866678907,97506 samson camp,suite 718,south itzel,ia,14516
Elbert,Robyn,84214817113627127838
Helga,Lela,55428491602378555914,36349 amir pass,suite 573,greenfelderfurt,tx,32507-4858
Gerald,Luna,"",103 daniel roads,suite 799,west kolby,ks,44435-2061
Aric,Yvette,67823835417822564498,2404 friesen bridge,suite 912,east aydenfurt,ia,92095
Marguerite,Wilber,94559963344329788145,50427 schuster drive,apt. 190,merlchester,me,45659
Everette,Hobart,97523883545742573123
Caden,Katheryn,"",376 robel inlet,apt. 651,santiagoview,me,99192
Sydney,Savanna,20353976574577626422,1243 fahey ports,suite 667,mathewborough,sd,84433
Harmon,Elna,02188235341785127612,7733 nienow circle,suite 176,new jon,tx,55485-1226
Arturo,Oswald,72298193757822455111,15669 keebler harbor,apt. 340,new santiagomouth,va,28644
Anya,Shanie,87167555945412153923,76547 jensen mount,apt. 209,christelleview,id,35316-0969
Amara,Zechariah,""
Kip,Chanelle,60223183783933695275,12546 garret estates,apt. 832,north wayneville,mt,54187
Wilson,Emmet,69886523111195884809,74191 gutmann place,suite 377,port enidview,ca,89295-5544
Freda,Minerva,26256536472265670840,4337 johnston mission,apt. 289,hellermouth,ct,24399-2663
Emory,Albert,"",290 quinten tunnel,suite 391,lake addiefort,in,50032-3437
Evangeline,Jennyfer,21742142407248195218,1995 lane ridge,apt. 356,new hollie,fl,93272
Ramon,Broderick,91864917788927923190
Melvin,Patrick,26851721569366884453,54480 greenholt views,apt. 866,carytown,nd,27274-2983
Brannon,Blake,64344962726757369722,4677 walsh points,apt. 956,murrayfurt,ny,81163-2946
Mariana,Raegan,"",213 rodolfo hills,suite 390,bartellchester,ky,80764
Keith,Alexanne,42645872642626694086,3779 erik hills,suite 738,north donnie,pa,70512
Sallie,Kaylah,67631074497119037559
Annetta,Luciano,85880284543613156313,9234 powlowski greens,suite 397,west jody,ks,99183
Bryon,Bernadette,"",1949 cynthia summit,apt. 798,west savannaton,vt,24274-6788
Precious,Hershel,22444052494551597476,843 jenkins villages,suite 180,ryanstad,ks,68793
Samara,Mitchel,35458126372533217887,682 vincenzo fort,suite 454,macgyverhaven,md,17136
Clyde,Helena,15924664178827866312
Christa,Cyrus,"",20069 giovanni summit,suite 151,port duncan,me,64589
Eva,Dewayne,44837552737765225272,118 monica brook,suite 329,torphybury,nh,99425-8785
Rocio,Rickey,14716851665838737420,6312 alanis camp,apt. 855,east gabriellaborough,va,52391
Palma,Jesse,58865952803454621216,4995 nelda trail,suite 827,west idella,wa,50323-1828
Johanna,Louie,66775369339428044565,145 ramona court,apt. 249,jaylinstad,nj,20456
Narciso,Beverly,""
Daphne,Ignacio,68528464591743486210,2203 von dam,apt. 444,lake raymundo,az,49608
Toy,Rosetta,83683513271555121118,4037 salma shoals,apt. 568,gibsonberg,sc,24958
Hattie,Kevon,64917889614146978118,238 eileen coves,apt. 915,tonyberg,tn,31633
Rhett,Narciso,"",838 carroll loop,apt. 314,sharonshire,az,94365-4679
Mariah,Tavares,51281327514534357170
Wendy,Anthony,11351343440345156143,109 swaniawski village,suite 901,east diana,ms,40283
Rosamond,Leann,52432494282108232541,1746 jacinto grove,suite 856,lunabury,ne,46883-9508
Precious,Greg,55784087899398614015,258 prohaska grove,apt. 292,jacobishire,oh,22360
Althea,Lonnie,"",768 joel motorway,suite 919,north wernermouth,tx,99984-8552
Larry,Davion,12006551574848780412,36429 aniya streets,suite 457,brakusview,va,13304-7841
Lionel,Evie,65530361907433576076
Doris,Velda,53362976697550818881,3430 edwardo vista,suite 803,lueside,sd,73574
Abbey,Florian,"",63158 pierce square,suite 177,berneicemouth,ky,32642-7260
Libbie,Gerry,23414783488517518502,33131 lolita ports,suite 961,new kennith,wy,51312-6722
Macey,April,11878175645473527625,40180 jacobi lodge,suite 733,maxinemouth,sc,94192
Gerry,Rogers,89895546935637294119
Judy,Hayden,87494583528254313882,8762 vonrueden plains,apt. 538,raymondmouth,co,24058
Hillard,Keshaun,"",2618 kuphal groves,apt. 904,abbottfort,in,74955
Hailie,Delilah,44819853192860432633,82982 kiana land,suite 813,port pinkiefurt,ut,83950
Jalyn,Marie,17498338566684615794,4317 jast circle,suite 279,lake joesph,me,54912-4289
Alexandra,Dee,59116889515885458773,491 haleigh drives,apt. 133,east patricia,mn,39449
Emery,Sadie,""
Westley,Betsy,63453507435252728862,1647 moises brooks,apt. 761,laneyton,nc,67839-4925
Eunice,Robb,73809477448527395524,90040 kelley common,apt. 175,concepcionside,ma,90104-6527
Frankie,Santa,46841105124939385261,4455 bud bridge,apt. 923,west loraview,ga,66984
Julia,Marvin,71663089486817217640,3892 jean passage,apt. 502,port milford,nj,19667
Sharon,Amaya,"",9494 evans hill,apt. 595,new jaydaton,wa,64133-4301
Merle,Onie,58518344471242176142
Christ,Chance,83798615586255399751,1303 marie mountain,suite 722,lake dannieberg,mi,44236
Zita,Freda,84331177338738649352,345 juvenal villages,apt. 996,port aaliyahport,co,41113
Albertha,Cornelius,"",308 becker knolls,suite 357,leschside,ne,78388
Horacio,Timmothy,54417166651791504072,986 lois extensions,apt. 841,framiborough,de,87050-9589
Kaitlin,Myles,88226476849510671797
Ivory,Furman,42436382461887090811,11554 brooklyn forges,apt. 890,madisonbury,ga,92644
Natalie,Mohammad,21582260668525488972,5969 myah island,apt. 467,lake ana,or,83032-4809
D'angelo,Emilia,"",85894 wilkinson course,suite 824,rachelview,ok,38461
Rosalia,Damien,96378412211141341206,54863 guy freeway,suite 791,north rosetta,ri,61678-9689
Judy,Monique,88394833456461407782,8425 shawna stravenue,suite 831,hermanville,de,66515
Richie,Karen,61932204113843165825
Aiden,Dorothy,"",539 mathew isle,apt. 410,hamillmouth,ks,33810
Isidro,Carlotta,51113744258253804653,692 janie wells,apt. 861,hackettborough,ut,93075
Dino,Russell,38573667484510333761,32199 medhurst throughway,suite 365,pagacmouth,nv,14784-3337
Donavon,Jessica,59534773695561974244,28568 carter course,apt. 449,south treverborough,md,47923
Clark,Eliseo,""
Ceasar,Vanessa,45442524743728123581,3410 nicolas wall,apt. 400,west makaylaport,nc,37447-8759
Jackson,Niko,65477626870457650532,3890 guadalupe extension,suite 967,south mackfort,la,85187
Pablo,Trudie,17825439344550827074,3840 legros union,apt. 150,jakubowskiton,mt,82510
Linnie,Alicia,"",796 mckenzie mountain,suite 186,new peyton,nd,89933-4233
Mohammad,Elisa,75573720677977577583
Cynthia,Destin,81766681046476425351,88542 asia cape,apt. 338,thielville,nm,77778
Salvador,Dolly,12023379591118266476,88638 hertha lock,apt. 140,schmittton,oh,35755-8630
Jaunita,Christopher,21841154495440664139,53123 janessa unions,suite 653,lake devan,wy,51516-1130
Kian,Dylan,"",964 dylan stravenue,suite 722,east myrtice,ok,93169
Tatyana,Alba,52335237556544582871,40564 colby skyway,suite 666,annamarieside,nd,30517
Angelita,Cassidy,48578457909452024928
Olin,Lilla,28848585306142856403,6087 alf pine,suite 628,lake agustinamouth,in,73201
Laurel,Abbey,"",58212 dietrich radial,apt. 868,garrettchester,or,84516-8817
Kacey,German,22434910842367773948,336 mcglynn valley,apt. 910,archibaldshire,nm,71091
Hazel,Stanford,81561164618855267778,7785 jacobson mountains,apt. 816,port randy,co,22470-0577
Arthur,Lizeth,99725421655195321245
Lucie,Layla,"",84686 christ pass,suite 947,lake bradford,ny,67492
Colten,Mandy,45896655716210352578,524 ericka wall,suite 831,jacksonport,co,65865
Lulu,Dolly,27063650636758847579,5870 smitham mills,suite 688,cummeratashire,ia,48129
Ozella,Ana,28845014291513380893,66977 darion fort,suite 471,estherborough,nj,78594
Susie,Narciso,66828969358625782015,723 jaquan valley,suite 202,port shad,ak,77638-7053
Ocie,Flavio,""
Ian,Baylee,16446917166511413817,547 price underpass,apt. 668,port eldredshire,ca,67918-5338
Chaz,Lee,82412191763289413226,47231 emily lakes,suite 272,klingborough,ky,13679-3625
Elwyn,Wilma,88353567011282869238,24737 schmidt well,suite 464,north robyn,md,30644
Noe,Elvie,"",58561 hudson light,suite 710,hammestown,ct,83709
Kayden,Jared,26578696457141433329
Gail,Freda,58817244815342160825,635 jakubowski courts,apt. 138,willachester,ne,53596
Penelope,Blaise,11693026334713655715,747 ariel flats,suite 953,north tyshawnmouth,az,90776
Alejandrin,Cleora,66149852273568174583,6121 marvin radial,apt. 907,bruenbury,in,26695
Nola,Toby,"",9643 haskell expressway,suite 371,north lucienne,wy,74142
Wilburn,Whitney,75742175831538120817,541 eveline mews,suite 697,wunschmouth,ma,56440-0863
Russ,Earnest,60164815797186829324
Rolando,Tiara,54372317581022765632,9204 nicolas walk,apt. 339,elsaland,nh,47654-5058
Libbie,Leatha,"",14953 cielo station,suite 990,uriahburgh,tx,41240-0080
Keira,Myriam,67977181642516185262,13237 haskell land,apt. 825,wymanfort,id,23534
Madaline,Alessandra,55859415937331675547,589 taurean crossing,suite 381,ashleefurt,co,79586
Samanta,Fritz,33281649486811297531
Damaris,Casimer,"",662 aidan via,apt. 886,south filibertoton,al,43143
Katherine,Kylee,34585852044207230592,973 quitzon summit,suite 825,port carmel,nd,11285
Prince,Vern,97169182742841111363,1821 sporer spurs,apt. 525,schinnerport,wv,18967-4275
Chloe,Albert,16862788149762552618,52195 humberto manors,apt. 287,north marlonfort,ri,31292
Josephine,Rhoda,33828474963829425666,61483 reichel gateway,apt. 322,north elizabeth,wy,37824-4096
Oswald,Raoul,""
Javonte,Sigrid,25738585431417276417,307 alexandria mews,apt. 128,thieltown,wa,38488
Emely,Xzavier,51226615412727614330,58341 federico park,suite 323,cruickshankshire,de,88444-6245
Vicky,Claire,64575370954834183453,56358 dallas greens,apt. 212,lubowitzfurt,vt,46634
Osbaldo,Lexi,"",80844 haleigh heights,apt. 488,reillyberg,mn,33761
Emory,Amie,83414646304377798351
Esteban,Nya,13386616341835321557,3687 gabe pine,apt. 611,lake astridmouth,de,12444-8975
Brett,Jessyca,50524035889652208622,9599 turner neck,suite 147,south malachi,wv,80461
Sandy,Florida,"",39914 watsica parks,suite 841,new emmyborough,de,32634-3731
Helga,Leon,14305547882001736528,69794 bennett villages,apt. 406,lake alexzander,mt,21477
Deion,Blake,28961825374575906687,114 price mews,apt. 588,mitchellville,oh,60487
Kaya,Creola,75282969014922323048
Kylie,Blaise,44858656006255325236,664 diamond highway,apt. 954,south leaberg,ks,76415-7199
Reggie,Wilber,"",81622 keanu dam,suite 213,parkertown,ga,60138-7502
Josefa,Celine,19457252289410089211,917 stroman forks,apt. 440,lake rashad,ks,35160
Alena,Geovanni,41400646913509135444,1132 willms valley,suite 779,south ruthmouth,ar,72754-9370
Michael,Annamarie,44512200088787597663
Jameson,Ally,"",7019 terence turnpike,apt. 808,georgeside,ne,67609-0075
Jane,Theresa,62641238131580894231,7181 howell dale,suite 702,madalineville,wy,89411-1433
Carolina,Reynold,38755176721845285372,26601 dillon prairie,suite 262,east serenity,va,32879
Precious,Florence,89361641103009481647,9656 kling garden,suite 798,luigishire,nv,15525-8799
Andreane,Wilfredo,""
Isidro,Marcelino,75819458817326840792,1751 name mountain,apt. 502,jaidenfort,nh,58034-6604
Dorothea,Alexanne,38262536157106071916,5180 carter green,suite 352,candidoberg,nv,84759
Loma,Darrel,23323741713192355204,24214 norris vista,suite 312,lake geneside,ok,19458
Haven,Kennedy,"",67389 boyer rest,apt. 629,east elwynland,nc,68400
Adolph,Mariano,74331487356298770272,164 reynolds via,suite 635,port cesar,ky,69603-5481
Haleigh,Layne,76374717482331689077
Gillian,Opal,08230284464413474272,405 beer bypass,suite 478,port buddymouth,ga,14141
Carlotta,Nelson,37860739072338532868,8245 jessie fords,suite 114,port nola,ut,50899-5464
Nettie,Declan,"",9707 adams streets,suite 346,west lanebury,ky,50130-6062
Andre,Alia,63866836262304798936,8858 senger brook,apt. 980,north valentineside,ks,93584
Kristian,Dasia,31694265711136343446
Sofia,Maximillia,15395103626136734424,839 trent pass,apt. 980,forrestview,nc,76614
Macy,Felton,"",23390 lind haven,apt. 772,titofort,wv,47520-3150
Celestine,Holden,20558217923813752632,72557 seamus stravenue,apt. 710,gleasonberg,me,60687-9202
Brenden,Katelynn,68181333656348965484,7194 aron dale,suite 495,kiehnport,tn,72318-2002
Raven,Jovanny,74340569489247481217,59871 conn mills,apt. 720,north celineshire,tx,37504
Fernando,Kiel,80726400117231507135
Mathias,Oscar,"",6560 haag port,suite 105,port florianland,wi,61019
Nina,Trenton,91553476351338289334,42615 bashirian alley,apt. 443,amayaton,wi,97516
Lawrence,Melisa,02294373822671025265,24174 ellen shoals,apt. 558,west doloresland,ms,90467-8870
Jeffery,Kaitlin,63611863735311412782,240 cruickshank stravenue,apt. 820,port prudence,oh,66390-5296
Dale,Deion,""
Albina,Felton,35418572418204331436,6211 pfannerstill terrace,apt. 425,langmouth,tn,75346
Bailey,Dillan,42657317821727877054,69952 antonia crescent,suite 629,kerlukeland,ga,23617-2918
Katheryn,Rickie,84446771170816516242,888 lang falls,suite 456,south berthabury,ri,71466-0340
Cade,Ali,10579494653278940552,3432 dooley ranch,suite 912,west myrtie,co,49280
Randy,Ivory,"",616 marie walks,suite 818,north jess,ky,80423
Concepcion,Rosalinda,64383970756984789152
Damian,Kaitlin,62291306516371968542,86474 kip passage,suite 950,gulgowskiland,oh,88411
Lois,Charlene,07501208047132246148,762 ratke row,suite 904,wernerburgh,ms,66655-4275
Yasmin,Shea,"",462 bogan skyway,suite 734,south loribury,pa,14240-7715
Turner,Eudora,67733706271865418237,40170 frida loaf,apt. 523,kozeyberg,or,53891
Rodger,Garnett,21565761968525304968,847 ewell mission,apt. 529,new oliverland,id,87729-2980
Johanna,Margaret,45767537238064498838
Ceasar,Modesta,16684867878480759846,6817 jakubowski pike,apt. 565,jadenshire,ut,49240
Sadie,Wilmer,"",385 feest bridge,apt. 256,south abbeystad,sc,26370-6283
Eliseo,Archibald,86072882042406675405,53036 doyle ranch,apt. 506,rueckerbury,nv,17325-3500
Erwin,Dejon,38735845198691052611,9024 pollich loaf,apt. 747,port ayden,ar,24048-4557
Emmie,Thelma,87128148771183586467
Carmelo,Angeline,"",224 d'amore lights,apt. 431,spinkahaven,ct,87753
Gennaro,Jodie,28340297825505247246,559 goldner stravenue,apt. 925,feestmouth,ne,61119
Shea,Sam,60657639425128170237,5534 balistreri ports,apt. 140,lake stephon,mn,90431
Jessy,Estrella,62375932791224782185,86793 lourdes station,suite 876,maraberg,wy,49639
Clark,Alexandrine,85519383721414443087,615 howe groves,suite 625,ornfort,mi,24307-3133
Meredith,Alexandre,""
Madeline,Florida,48521545788769373287,48231 brakus course,apt. 303,lake natville,wv,94714
Jeanne,Winona,23723775566121131476,324 perry view,suite 314,north romanville,ar,57141-1206
Marilyne,Carmine,71198962629067686267,2188 murazik plain,suite 251,lake adalinestad,de,21034
Archibald,Gregoria,"",1107 gerlach lock,apt. 749,ondrickafurt,ct,89407-5165
Angelina,Arturo,94626955234352383318
Isabel,Reymundo,84481648635892785127,13492 goyette lake,suite 931,feilburgh,ar,82525
Jerrold,Chelsie,79198131105334678873,845 darryl branch,suite 777,east vivianneberg,vt,77698-7806
Jamie,Lorenza,"",33618 rylan estate,suite 151,west pamelaview,tx,98525-1868
Ashtyn,Hugh,52148283435158753428,8997 chet fields,suite 342,funkbury,mn,29913
Monique,Jaden,02136508305414120381
Lisa,Caden,33733826769468204076,6880 sherman groves,apt. 773,diannaville,ky,39690
Rogers,Everett,13119227877421886276,7294 parker villages,suite 949,eunaville,vt,86294
Libby,Garret,"",350 hettinger pike,suite 447,rettaton,sc,14772
Rigoberto,Jon,98824617144325215651,389 vern course,suite 682,north markus,ca,67104-1398
Jocelyn,Yadira,47372327156871352592,40614 constantin station,suite 187,new isac,ut,10740
Marjorie,Lisa,20261551694101505256
Burnice,Jacinthe,"",41995 ethelyn extensions,suite 865,east leslyburgh,ga,24099
Garrison,Rowland,28244488304414858525,449 green knolls,suite 161,south kassandraburgh,fl,36818-4550
Alexandrea,Pietro,40668206553198764436,645 konopelski stravenue,suite 555,johnshaven,ne,51264
Braden,Randy,63951251433059313307,37518 lynch stream,apt. 262,kianaland,ne,56200-5365
Nannie,Juvenal,47934816667761894913,97587 boris prairie,suite 850,tylerton,pa,85180-7170
Dennis,Lauriane,""
Erika,Alejandra,55321191342479826226,783 wiza mount,suite 786,east marlonland,ca,25972-2479
Daryl,Mireya,42825416573763391592,78523 balistreri bridge,suite 986,port gideon,mo,19246
Garland,Shanon,25722071843784488444,7487 betty garden,apt. 845,vanceborough,wv,29246
Mabelle,Gerald,"",9518 alvina ways,apt. 434,legrosport,nm,86732
Wellington,Eveline,52224515635263622552
Pansy,Madisen,56976859328476310830,3278 johnston parks,apt. 445,lake leonieshire,mo,77081-3877
Orland,Clifford,10151634761453348332,71467 little parkways,suite 823,south nestor,de,95273-0696
Lura,Carolanne,"",849 ledner heights,apt. 313,lake citlalliberg,hi,98871
Frieda,Halle,20598784761552520257,9700 jazmin motorway,suite 535,south bridgettestad,wv,75367-3475
Elinor,Kelsi,83483148265743727531,38002 barton fields,apt. 634,lake marlen,mo,40660
Nathanael,Alexie,12522756255853491765
Gregory,Kaelyn,48451805274136595753,28980 prosacco walks,suite 189,creminberg,va,49913
Gracie,Joy,"",2286 doyle loop,apt. 103,kirstenport,ct,36232-0314
Katarina,Jackeline,73533548920121157537,529 abbigail falls,apt. 773,lake cindyland,tx,33788
Anika,Morgan,59684176686341531737,3002 trantow haven,suite 175,west gabe,nd,98835
Bryon,Antonia,76269758812721287393
Matilda,Rene,"",9517 winfield ramp,apt. 558,trentton,mi,29227-7925
Keshawn,Hellen,01696467458966739237,160 johnpaul shoal,apt. 819,o'haraside,nv,99292-7441
Lucious,Yasmine,64385676493097762107,763 nico run,apt. 105,south ludwig,la,16262
Vernice,Missouri,60518549503647168315,123 moises union,apt. 427,south shanelle,tx,64938-1845
Quentin,Carey,48584865819838716106,8395 savion spring,apt. 515,west evertmouth,ca,69289-3290
Rahsaan,Velda,""
Raphaelle,Elisa,78351021556837502444,9963 joy trail,suite 459,jennyfermouth,nj,49654
Miguel,Ottis,36844595112332882473,7362 rahsaan points,suite 216,port kevon,ok,49038
Audra,Kristoffer,09107685311457653553,42068 rosemarie spur,apt. 810,strosinville,ne,56423-7242
Tobin,Tyler,"",2684 arne springs,apt. 409,lake noemiechester,pa,56298
Art,Alejandrin,78791823677627337226
Tierra,Quinn,01734158001471915148,82378 amanda point,suite 944,new samanta,tx,98808
Shania,Alice,26851680110146908993,9576 caroline hill,suite 974,west chris,az,94795-1744
Aisha,Dortha,"",9692 michale knoll,suite 862,reyberg,ky,11438
Geraldine,Junior,16812475474743167993,29188 turner flats,apt. 413,hayesmouth,sc,47052
Holden,Leon,85231883333620805644
Tyra,Benedict,15666128412219616349,2159 muller road,apt. 954,stefanieland,tx,16290
Wade,Geo,"",73224 brycen crest,apt. 797,russelland,ut,63918-5609
Oscar,Mohammad,72569943054714521155,971 runolfsson views,suite 648,north lavonne,ne,26071-3426
Geovanni,Coby,67022257323561577850,862 ernest haven,suite 776,parisianland,ak,22823
Trycia,Gerald,87852185438622118572
Payton,Briana,67927006875389289539,4701 kasey ports,suite 522,lutherburgh,sd,30863
Octavia,Alessandro,"",9157 wolf drives,apt. 139,new dustinville,mi,87034
Keven,Rex,20835255763874961451,7286 keebler centers,suite 964,kirstenside,sc,54546-3727
Jonathon,Carter,41477047772454684144,26567 schimmel springs,apt. 352,kassulkeview,tx,91519
Eden,Bonnie,90299473567815437531,855 daniel inlet,apt. 589,gottliebville,az,56150-0192
Faustino,Kaylee,""
Reuben,Arne,63803857220464706613,218 glover parkways,suite 977,south uriahborough,ct,50294
Einar,Missouri,16678380905253577683,63186 herzog pike,suite 405,south merlport,oh,64897-6034
Reta,Daniela,28406129481424315728,65647 tromp hollow,apt. 871,new betty,ks,74662
Reymundo,Tiara,26886272452725577492,1600 wilderman flat,apt. 555,new lesterborough,ne,42728
Mara,Hermina,"",6086 lila loop,suite 348,schaefermouth,ga,46278-5364
Clarissa,Felicity,58626307266823047332
Gavin,Rita,88336286361567162510,356 florencio fort,suite 295,abagailburgh,mo,99840
Stanford,Reece,13481236896147722710,325 darrel road,suite 108,north guadalupe,mt,89063-3313
Zackery,Gillian,11240664612428757450,86907 metz gateway,apt. 469,pourosfurt,tx,47912-8489
Maye,Lucie,"",839 howe field,suite 743,north jalonmouth,ky,56213-6886
Nolan,Jeffrey,53534201412731144562,452 unique curve,apt. 158,new adalberto,la,18997
Cesar,Bailee,54703704821828676767
Whitney,Luis,12745874446123256447,41373 carter canyon,suite 933,wolfland,il,12512
